fromGov,toGov,Date,numofFam,year,month,day,numofFamDiff
Salah al-Din,Thi-Qar,2018-01-31,55,2018,1,31,0
Babylon,Thi-Qar,2018-01-31,7,2018,1,31,0
Babylon,Wassit,2018-01-31,20,2018,1,31,0
Baghdad,Anbar,2018-01-31,24,2018,1,31,0
Baghdad,Babylon,2018-01-31,86,2018,1,31,0
Baghdad,Baghdad,2018-01-31,168,2018,1,31,0
Baghdad,Basrah,2018-01-31,31,2018,1,31,0
Baghdad,Dahuk,2018-01-31,47,2018,1,31,0
Baghdad,Diyala,2018-01-31,61,2018,1,31,0
Baghdad,Erbil,2018-01-31,576,2018,1,31,0
Baghdad,Kerbala,2018-01-31,28,2018,1,31,0
Baghdad,Kirkuk,2018-01-31,125,2018,1,31,0
Baghdad,Missan,2018-01-31,27,2018,1,31,0
Babylon,Sulaymaniyah,2018-01-31,943,2018,1,31,0
Baghdad,Muthanna,2018-01-31,29,2018,1,31,0
Baghdad,Qadissiya,2018-01-31,65,2018,1,31,0
Baghdad,Sulaymaniyah,2018-01-31,3055,2018,1,31,0
Baghdad,Thi-Qar,2018-01-31,7,2018,1,31,0
Baghdad,Wassit,2018-01-31,62,2018,1,31,0
Diyala,Babylon,2018-01-31,28,2018,1,31,0
Diyala,Baghdad,2018-01-31,511,2018,1,31,0
Diyala,Basrah,2018-01-31,44,2018,1,31,0
Diyala,Diyala,2018-01-31,9506,2018,1,31,0
Diyala,Erbil,2018-01-31,234,2018,1,31,0
Diyala,Kerbala,2018-01-31,25,2018,1,31,0
Diyala,Kirkuk,2018-01-31,418,2018,1,31,0
Diyala,Missan,2018-01-31,16,2018,1,31,0
Baghdad,Najaf,2018-01-31,12,2018,1,31,0
Diyala,Muthanna,2018-01-31,8,2018,1,31,0
Babylon,Qadissiya,2018-01-31,14,2018,1,31,0
Babylon,Missan,2018-01-31,7,2018,1,31,0
Salah al-Din,Wassit,2018-01-31,307,2018,1,31,0
Anbar,Anbar,2018-01-31,14656,2018,1,31,0
Anbar,Babylon,2018-01-31,298,2018,1,31,0
Anbar,Baghdad,2018-01-31,16982,2018,1,31,0
Anbar,Basrah,2018-01-31,290,2018,1,31,0
Anbar,Dahuk,2018-01-31,138,2018,1,31,0
Anbar,Diyala,2018-01-31,328,2018,1,31,0
Anbar,Erbil,2018-01-31,13995,2018,1,31,0
Anbar,Kerbala,2018-01-31,121,2018,1,31,0
Anbar,Kirkuk,2018-01-31,1819,2018,1,31,0
Anbar,Missan,2018-01-31,30,2018,1,31,0
Anbar,Muthanna,2018-01-31,80,2018,1,31,0
Babylon,Ninewa,2018-01-31,5,2018,1,31,0
Anbar,Najaf,2018-01-31,237,2018,1,31,0
Anbar,Qadissiya,2018-01-31,283,2018,1,31,0
Anbar,Salah al-Din,2018-01-31,215,2018,1,31,0
Anbar,Sulaymaniyah,2018-01-31,8987,2018,1,31,0
Anbar,Thi-Qar,2018-01-31,157,2018,1,31,0
Anbar,Wassit,2018-01-31,243,2018,1,31,0
Babylon,Anbar,2018-01-31,511,2018,1,31,0
Babylon,Babylon,2018-01-31,2435,2018,1,31,0
Babylon,Baghdad,2018-01-31,1013,2018,1,31,0
Babylon,Basrah,2018-01-31,22,2018,1,31,0
Babylon,Diyala,2018-01-31,76,2018,1,31,0
Babylon,Kerbala,2018-01-31,173,2018,1,31,0
Babylon,Kirkuk,2018-01-31,14,2018,1,31,0
Anbar,Ninewa,2018-01-31,311,2018,1,31,0
Diyala,Najaf,2018-01-31,19,2018,1,31,0
Salah al-Din,Sulaymaniyah,2018-01-31,9054,2018,1,31,0
Diyala,Salah al-Din,2018-01-31,289,2018,1,31,0
Ninewa,Kerbala,2018-01-31,7824,2018,1,31,0
Ninewa,Kirkuk,2018-01-31,3797,2018,1,31,0
Ninewa,Missan,2018-01-31,327,2018,1,31,0
Ninewa,Muthanna,2018-01-31,269,2018,1,31,0
Ninewa,Najaf,2018-01-31,7658,2018,1,31,0
Ninewa,Ninewa,2018-01-31,122966,2018,1,31,0
Ninewa,Qadissiya,2018-01-31,2080,2018,1,31,0
Ninewa,Salah al-Din,2018-01-31,1002,2018,1,31,0
Ninewa,Sulaymaniyah,2018-01-31,2482,2018,1,31,0
Ninewa,Thi-Qar,2018-01-31,608,2018,1,31,0
Ninewa,Wassit,2018-01-31,1659,2018,1,31,0
Salah al-Din,Anbar,2018-01-31,45,2018,1,31,0
Ninewa,Erbil,2018-01-31,14610,2018,1,31,0
Salah al-Din,Babylon,2018-01-31,68,2018,1,31,0
Salah al-Din,Basrah,2018-01-31,431,2018,1,31,0
Salah al-Din,Dahuk,2018-01-31,64,2018,1,31,0
Salah al-Din,Diyala,2018-01-31,3460,2018,1,31,0
Salah al-Din,Erbil,2018-01-31,4059,2018,1,31,0
Salah al-Din,Kerbala,2018-01-31,38,2018,1,31,0
Salah al-Din,Kirkuk,2018-01-31,4819,2018,1,31,0
Salah al-Din,Missan,2018-01-31,65,2018,1,31,0
Salah al-Din,Muthanna,2018-01-31,40,2018,1,31,0
Salah al-Din,Salah al-Din,2018-01-31,31212,2018,1,31,0
Salah al-Din,Qadissiya,2018-01-31,30,2018,1,31,0
Salah al-Din,Ninewa,2018-01-31,766,2018,1,31,0
Diyala,Qadissiya,2018-01-31,22,2018,1,31,0
Salah al-Din,Baghdad,2018-01-31,1978,2018,1,31,0
Ninewa,Diyala,2018-01-31,107,2018,1,31,0
Salah al-Din,Najaf,2018-01-31,21,2018,1,31,0
Ninewa,Basrah,2018-01-31,532,2018,1,31,0
Diyala,Sulaymaniyah,2018-01-31,3397,2018,1,31,0
Diyala,Thi-Qar,2018-01-31,11,2018,1,31,0
Diyala,Wassit,2018-01-31,159,2018,1,31,0
Erbil,Baghdad,2018-01-31,17,2018,1,31,0
Erbil,Erbil,2018-01-31,1269,2018,1,31,0
Erbil,Ninewa,2018-01-31,116,2018,1,31,0
Kirkuk,Anbar,2018-01-31,40,2018,1,31,0
Kirkuk,Babylon,2018-01-31,1,2018,1,31,0
Ninewa,Dahuk,2018-01-31,60185,2018,1,31,0
Kirkuk,Basrah,2018-01-31,135,2018,1,31,0
Kirkuk,Dahuk,2018-01-31,6,2018,1,31,0
Kirkuk,Diyala,2018-01-31,118,2018,1,31,0
Kirkuk,Erbil,2018-01-31,5852,2018,1,31,0
Kirkuk,Baghdad,2018-01-31,180,2018,1,31,0
Kirkuk,Kirkuk,2018-01-31,17611,2018,1,31,0
Kirkuk,Kerbala,2018-01-31,46,2018,1,31,0
Ninewa,Babylon,2018-01-31,2279,2018,1,31,0
Ninewa,Anbar,2018-01-31,87,2018,1,31,0
Kirkuk,Wassit,2018-01-31,151,2018,1,31,0
Kirkuk,Thi-Qar,2018-01-31,102,2018,1,31,0
Kirkuk,Sulaymaniyah,2018-01-31,3046,2018,1,31,0
Ninewa,Baghdad,2018-01-31,5936,2018,1,31,0
Kirkuk,Qadissiya,2018-01-31,324,2018,1,31,0
Kirkuk,Ninewa,2018-01-31,2300,2018,1,31,0
Kirkuk,Najaf,2018-01-31,31,2018,1,31,0
Kirkuk,Muthanna,2018-01-31,19,2018,1,31,0
Kirkuk,Missan,2018-01-31,98,2018,1,31,0
Kirkuk,Salah al-Din,2018-01-31,5947,2018,1,31,0
Kirkuk,Salah al-Din,2018-02-15,5947,2018,2,15,0
Kirkuk,Sulaymaniyah,2018-02-15,3027,2018,2,15,-19
Kirkuk,Thi-Qar,2018-02-15,102,2018,2,15,0
Kirkuk,Wassit,2018-02-15,151,2018,2,15,0
Ninewa,Baghdad,2018-02-15,5618,2018,2,15,-318
Ninewa,Babylon,2018-02-15,2223,2018,2,15,-56
Ninewa,Basrah,2018-02-15,512,2018,2,15,-20
Ninewa,Dahuk,2018-02-15,59219,2018,2,15,-966
Ninewa,Diyala,2018-02-15,103,2018,2,15,-4
Ninewa,Anbar,2018-02-15,87,2018,2,15,0
Kirkuk,Qadissiya,2018-02-15,288,2018,2,15,-36
Erbil,Ninewa,2018-02-15,96,2018,2,15,-20
Kirkuk,Najaf,2018-02-15,31,2018,2,15,0
Kirkuk,Muthanna,2018-02-15,19,2018,2,15,0
Kirkuk,Missan,2018-02-15,97,2018,2,15,-1
Kirkuk,Kirkuk,2018-02-15,16464,2018,2,15,-1147
Kirkuk,Kerbala,2018-02-15,46,2018,2,15,0
Kirkuk,Erbil,2018-02-15,5652,2018,2,15,-200
Kirkuk,Diyala,2018-02-15,108,2018,2,15,-10
Kirkuk,Dahuk,2018-02-15,7,2018,2,15,1
Kirkuk,Basrah,2018-02-15,135,2018,2,15,0
Kirkuk,Baghdad,2018-02-15,168,2018,2,15,-12
Kirkuk,Babylon,2018-02-15,1,2018,2,15,0
Kirkuk,Anbar,2018-02-15,40,2018,2,15,0
Ninewa,Erbil,2018-02-15,14661,2018,2,15,51
Kirkuk,Ninewa,2018-02-15,2303,2018,2,15,3
Ninewa,Kerbala,2018-02-15,6930,2018,2,15,-894
Salah al-Din,Basrah,2018-02-15,423,2018,2,15,-8
Ninewa,Missan,2018-02-15,317,2018,2,15,-10
Erbil,Erbil,2018-02-15,1269,2018,2,15,0
Salah al-Din,Wassit,2018-02-15,264,2018,2,15,-43
Salah al-Din,Thi-Qar,2018-02-15,55,2018,2,15,0
Salah al-Din,Sulaymaniyah,2018-02-15,9342,2018,2,15,288
Salah al-Din,Salah al-Din,2018-02-15,29769,2018,2,15,-1443
Salah al-Din,Qadissiya,2018-02-15,27,2018,2,15,-3
Salah al-Din,Ninewa,2018-02-15,766,2018,2,15,0
Salah al-Din,Najaf,2018-02-15,19,2018,2,15,-2
Salah al-Din,Muthanna,2018-02-15,39,2018,2,15,-1
Salah al-Din,Missan,2018-02-15,65,2018,2,15,0
Salah al-Din,Kirkuk,2018-02-15,4787,2018,2,15,-32
Salah al-Din,Kerbala,2018-02-15,31,2018,2,15,-7
Salah al-Din,Erbil,2018-02-15,4019,2018,2,15,-40
Salah al-Din,Diyala,2018-02-15,3458,2018,2,15,-2
Salah al-Din,Dahuk,2018-02-15,63,2018,2,15,-1
Salah al-Din,Baghdad,2018-02-15,1845,2018,2,15,-133
Salah al-Din,Babylon,2018-02-15,68,2018,2,15,0
Salah al-Din,Anbar,2018-02-15,45,2018,2,15,0
Ninewa,Wassit,2018-02-15,1523,2018,2,15,-136
Ninewa,Thi-Qar,2018-02-15,604,2018,2,15,-4
Ninewa,Sulaymaniyah,2018-02-15,2497,2018,2,15,15
Ninewa,Salah al-Din,2018-02-15,924,2018,2,15,-78
Ninewa,Qadissiya,2018-02-15,1994,2018,2,15,-86
Ninewa,Ninewa,2018-02-15,122522,2018,2,15,-444
Ninewa,Najaf,2018-02-15,7041,2018,2,15,-617
Ninewa,Kirkuk,2018-02-15,3596,2018,2,15,-201
Erbil,Baghdad,2018-02-15,17,2018,2,15,0
Ninewa,Muthanna,2018-02-15,241,2018,2,15,-28
Diyala,Thi-Qar,2018-02-15,11,2018,2,15,0
Babylon,Qadissiya,2018-02-15,14,2018,2,15,0
Babylon,Ninewa,2018-02-15,5,2018,2,15,0
Babylon,Missan,2018-02-15,7,2018,2,15,0
Babylon,Kirkuk,2018-02-15,20,2018,2,15,6
Babylon,Kerbala,2018-02-15,171,2018,2,15,-2
Babylon,Diyala,2018-02-15,77,2018,2,15,1
Babylon,Basrah,2018-02-15,22,2018,2,15,0
Babylon,Baghdad,2018-02-15,1013,2018,2,15,0
Babylon,Babylon,2018-02-15,2440,2018,2,15,5
Babylon,Anbar,2018-02-15,511,2018,2,15,0
Anbar,Wassit,2018-02-15,243,2018,2,15,0
Anbar,Thi-Qar,2018-02-15,157,2018,2,15,0
Anbar,Sulaymaniyah,2018-02-15,8398,2018,2,15,-589
Anbar,Salah al-Din,2018-02-15,163,2018,2,15,-52
Anbar,Qadissiya,2018-02-15,222,2018,2,15,-61
Anbar,Ninewa,2018-02-15,43,2018,2,15,-268
Anbar,Najaf,2018-02-15,214,2018,2,15,-23
Anbar,Muthanna,2018-02-15,77,2018,2,15,-3
Anbar,Missan,2018-02-15,29,2018,2,15,-1
Anbar,Kirkuk,2018-02-15,1487,2018,2,15,-332
Anbar,Kerbala,2018-02-15,117,2018,2,15,-4
Anbar,Erbil,2018-02-15,13745,2018,2,15,-250
Anbar,Diyala,2018-02-15,271,2018,2,15,-57
Anbar,Dahuk,2018-02-15,110,2018,2,15,-28
Anbar,Basrah,2018-02-15,287,2018,2,15,-3
Anbar,Baghdad,2018-02-15,16407,2018,2,15,-575
Anbar,Babylon,2018-02-15,290,2018,2,15,-8
Anbar,Anbar,2018-02-15,14622,2018,2,15,-34
Diyala,Wassit,2018-02-15,159,2018,2,15,0
Babylon,Sulaymaniyah,2018-02-15,1275,2018,2,15,332
Babylon,Thi-Qar,2018-02-15,7,2018,2,15,0
Erbil,Kirkuk,2018-02-15,1,2018,2,15,0
Baghdad,Anbar,2018-02-15,24,2018,2,15,0
Babylon,Wassit,2018-02-15,20,2018,2,15,0
Diyala,Salah al-Din,2018-02-15,289,2018,2,15,0
Diyala,Qadissiya,2018-02-15,22,2018,2,15,0
Diyala,Najaf,2018-02-15,19,2018,2,15,0
Diyala,Muthanna,2018-02-15,8,2018,2,15,0
Diyala,Missan,2018-02-15,16,2018,2,15,0
Diyala,Kirkuk,2018-02-15,669,2018,2,15,251
Diyala,Kerbala,2018-02-15,25,2018,2,15,0
Diyala,Erbil,2018-02-15,231,2018,2,15,-3
Diyala,Diyala,2018-02-15,9425,2018,2,15,-81
Diyala,Basrah,2018-02-15,42,2018,2,15,-2
Diyala,Baghdad,2018-02-15,503,2018,2,15,-8
Diyala,Babylon,2018-02-15,28,2018,2,15,0
Baghdad,Wassit,2018-02-15,62,2018,2,15,0
Diyala,Sulaymaniyah,2018-02-15,3560,2018,2,15,163
Baghdad,Sulaymaniyah,2018-02-15,3082,2018,2,15,27
Baghdad,Thi-Qar,2018-02-15,7,2018,2,15,0
Baghdad,Babylon,2018-02-15,86,2018,2,15,0
Baghdad,Baghdad,2018-02-15,124,2018,2,15,-44
Baghdad,Basrah,2018-02-15,31,2018,2,15,0
Baghdad,Dahuk,2018-02-15,44,2018,2,15,-3
Baghdad,Erbil,2018-02-15,574,2018,2,15,-2
Baghdad,Diyala,2018-02-15,61,2018,2,15,0
Baghdad,Kirkuk,2018-02-15,153,2018,2,15,28
Baghdad,Missan,2018-02-15,27,2018,2,15,0
Baghdad,Muthanna,2018-02-15,29,2018,2,15,0
Baghdad,Najaf,2018-02-15,12,2018,2,15,0
Baghdad,Qadissiya,2018-02-15,65,2018,2,15,0
Baghdad,Kerbala,2018-02-15,25,2018,2,15,-3
Baghdad,Kerbala,2018-02-28,25,2018,2,28,0
Baghdad,Missan,2018-02-28,27,2018,2,28,0
Baghdad,Kirkuk,2018-02-28,157,2018,2,28,4
Baghdad,Erbil,2018-02-28,574,2018,2,28,0
Baghdad,Anbar,2018-02-28,24,2018,2,28,0
Baghdad,Dahuk,2018-02-28,44,2018,2,28,0
Baghdad,Basrah,2018-02-28,30,2018,2,28,-1
Baghdad,Baghdad,2018-02-28,110,2018,2,28,-14
Baghdad,Babylon,2018-02-28,86,2018,2,28,0
Baghdad,Muthanna,2018-02-28,29,2018,2,28,0
Baghdad,Diyala,2018-02-28,61,2018,2,28,0
Baghdad,Najaf,2018-02-28,6,2018,2,28,-6
Diyala,Baghdad,2018-02-28,457,2018,2,28,-46
Baghdad,Sulaymaniyah,2018-02-28,3122,2018,2,28,40
Baghdad,Thi-Qar,2018-02-28,7,2018,2,28,0
Baghdad,Wassit,2018-02-28,62,2018,2,28,0
Diyala,Babylon,2018-02-28,28,2018,2,28,0
Diyala,Basrah,2018-02-28,42,2018,2,28,0
Diyala,Diyala,2018-02-28,9316,2018,2,28,-109
Diyala,Erbil,2018-02-28,231,2018,2,28,0
Diyala,Kerbala,2018-02-28,20,2018,2,28,-5
Diyala,Kirkuk,2018-02-28,699,2018,2,28,30
Diyala,Missan,2018-02-28,16,2018,2,28,0
Diyala,Muthanna,2018-02-28,7,2018,2,28,-1
Babylon,Wassit,2018-02-28,20,2018,2,28,0
Baghdad,Qadissiya,2018-02-28,65,2018,2,28,0
Diyala,Qadissiya,2018-02-28,22,2018,2,28,0
Anbar,Thi-Qar,2018-02-28,157,2018,2,28,0
Babylon,Sulaymaniyah,2018-02-28,1316,2018,2,28,41
Anbar,Babylon,2018-02-28,281,2018,2,28,-9
Anbar,Baghdad,2018-02-28,15294,2018,2,28,-1113
Anbar,Basrah,2018-02-28,276,2018,2,28,-11
Anbar,Dahuk,2018-02-28,107,2018,2,28,-3
Anbar,Diyala,2018-02-28,261,2018,2,28,-10
Anbar,Erbil,2018-02-28,13513,2018,2,28,-232
Anbar,Kerbala,2018-02-28,114,2018,2,28,-3
Anbar,Kirkuk,2018-02-28,1414,2018,2,28,-73
Anbar,Missan,2018-02-28,29,2018,2,28,0
Anbar,Muthanna,2018-02-28,69,2018,2,28,-8
Anbar,Najaf,2018-02-28,214,2018,2,28,0
Anbar,Ninewa,2018-02-28,35,2018,2,28,-8
Anbar,Qadissiya,2018-02-28,197,2018,2,28,-25
Anbar,Salah al-Din,2018-02-28,163,2018,2,28,0
Anbar,Sulaymaniyah,2018-02-28,7310,2018,2,28,-1088
Diyala,Salah al-Din,2018-02-28,289,2018,2,28,0
Anbar,Wassit,2018-02-28,225,2018,2,28,-18
Babylon,Anbar,2018-02-28,555,2018,2,28,44
Babylon,Babylon,2018-02-28,2436,2018,2,28,-4
Babylon,Baghdad,2018-02-28,1005,2018,2,28,-8
Babylon,Basrah,2018-02-28,22,2018,2,28,0
Babylon,Diyala,2018-02-28,77,2018,2,28,0
Babylon,Kerbala,2018-02-28,171,2018,2,28,0
Babylon,Kirkuk,2018-02-28,20,2018,2,28,0
Babylon,Missan,2018-02-28,7,2018,2,28,0
Babylon,Ninewa,2018-02-28,5,2018,2,28,0
Babylon,Qadissiya,2018-02-28,10,2018,2,28,-4
Babylon,Thi-Qar,2018-02-28,7,2018,2,28,0
Diyala,Sulaymaniyah,2018-02-28,3847,2018,2,28,287
Kirkuk,Kirkuk,2018-02-28,15383,2018,2,28,-1081
Diyala,Wassit,2018-02-28,159,2018,2,28,0
Ninewa,Najaf,2018-02-28,6951,2018,2,28,-90
Ninewa,Ninewa,2018-02-28,113338,2018,2,28,-9184
Ninewa,Qadissiya,2018-02-28,1893,2018,2,28,-101
Ninewa,Salah al-Din,2018-02-28,887,2018,2,28,-37
Ninewa,Sulaymaniyah,2018-02-28,2472,2018,2,28,-25
Ninewa,Thi-Qar,2018-02-28,603,2018,2,28,-1
Ninewa,Wassit,2018-02-28,1490,2018,2,28,-33
Salah al-Din,Anbar,2018-02-28,45,2018,2,28,0
Salah al-Din,Babylon,2018-02-28,68,2018,2,28,0
Salah al-Din,Baghdad,2018-02-28,1635,2018,2,28,-210
Salah al-Din,Basrah,2018-02-28,432,2018,2,28,9
Salah al-Din,Dahuk,2018-02-28,63,2018,2,28,0
Ninewa,Muthanna,2018-02-28,235,2018,2,28,-6
Salah al-Din,Diyala,2018-02-28,3427,2018,2,28,-31
Salah al-Din,Kerbala,2018-02-28,26,2018,2,28,-5
Salah al-Din,Kirkuk,2018-02-28,4655,2018,2,28,-132
Salah al-Din,Missan,2018-02-28,65,2018,2,28,0
Salah al-Din,Muthanna,2018-02-28,32,2018,2,28,-7
Salah al-Din,Najaf,2018-02-28,19,2018,2,28,0
Salah al-Din,Ninewa,2018-02-28,761,2018,2,28,-5
Salah al-Din,Qadissiya,2018-02-28,27,2018,2,28,0
Salah al-Din,Salah al-Din,2018-02-28,28823,2018,2,28,-946
Salah al-Din,Sulaymaniyah,2018-02-28,9130,2018,2,28,-212
Salah al-Din,Thi-Qar,2018-02-28,52,2018,2,28,-3
Salah al-Din,Wassit,2018-02-28,260,2018,2,28,-4
Anbar,Anbar,2018-02-28,14301,2018,2,28,-321
Salah al-Din,Erbil,2018-02-28,3909,2018,2,28,-110
Ninewa,Missan,2018-02-28,299,2018,2,28,-18
Ninewa,Kirkuk,2018-02-28,3236,2018,2,28,-360
Ninewa,Erbil,2018-02-28,14301,2018,2,28,-360
Erbil,Baghdad,2018-02-28,11,2018,2,28,-6
Erbil,Erbil,2018-02-28,1244,2018,2,28,-25
Erbil,Kirkuk,2018-02-28,1,2018,2,28,0
Erbil,Ninewa,2018-02-28,96,2018,2,28,0
Kirkuk,Anbar,2018-02-28,40,2018,2,28,0
Kirkuk,Babylon,2018-02-28,1,2018,2,28,0
Kirkuk,Baghdad,2018-02-28,131,2018,2,28,-37
Kirkuk,Basrah,2018-02-28,132,2018,2,28,-3
Kirkuk,Dahuk,2018-02-28,6,2018,2,28,-1
Kirkuk,Diyala,2018-02-28,108,2018,2,28,0
Kirkuk,Erbil,2018-02-28,5369,2018,2,28,-283
Kirkuk,Kerbala,2018-02-28,46,2018,2,28,0
Kirkuk,Missan,2018-02-28,97,2018,2,28,0
Kirkuk,Muthanna,2018-02-28,18,2018,2,28,-1
Kirkuk,Najaf,2018-02-28,31,2018,2,28,0
Kirkuk,Ninewa,2018-02-28,2094,2018,2,28,-209
Kirkuk,Qadissiya,2018-02-28,280,2018,2,28,-8
Kirkuk,Salah al-Din,2018-02-28,5738,2018,2,28,-209
Kirkuk,Sulaymaniyah,2018-02-28,3020,2018,2,28,-7
Kirkuk,Thi-Qar,2018-02-28,102,2018,2,28,0
Kirkuk,Wassit,2018-02-28,151,2018,2,28,0
Ninewa,Anbar,2018-02-28,87,2018,2,28,0
Ninewa,Babylon,2018-02-28,2186,2018,2,28,-37
Ninewa,Baghdad,2018-02-28,5341,2018,2,28,-277
Ninewa,Basrah,2018-02-28,510,2018,2,28,-2
Ninewa,Dahuk,2018-02-28,59035,2018,2,28,-184
Ninewa,Diyala,2018-02-28,103,2018,2,28,0
Diyala,Thi-Qar,2018-02-28,11,2018,2,28,0
Ninewa,Kerbala,2018-02-28,6585,2018,2,28,-345
Diyala,Najaf,2018-02-28,19,2018,2,28,0
Erbil,Baghdad,2018-03-15,9,2018,3,15,-2
Baghdad,Diyala,2018-03-15,63,2018,3,15,2
Baghdad,Erbil,2018-03-15,909,2018,3,15,335
Baghdad,Kerbala,2018-03-15,25,2018,3,15,0
Baghdad,Kirkuk,2018-03-15,154,2018,3,15,-3
Baghdad,Missan,2018-03-15,27,2018,3,15,0
Baghdad,Muthanna,2018-03-15,29,2018,3,15,0
Baghdad,Najaf,2018-03-15,6,2018,3,15,0
Baghdad,Qadissiya,2018-03-15,64,2018,3,15,-1
Baghdad,Sulaymaniyah,2018-03-15,3312,2018,3,15,190
Baghdad,Thi-Qar,2018-03-15,7,2018,3,15,0
Baghdad,Wassit,2018-03-15,50,2018,3,15,-12
Diyala,Babylon,2018-03-15,19,2018,3,15,-9
Baghdad,Dahuk,2018-03-15,44,2018,3,15,0
Diyala,Baghdad,2018-03-15,431,2018,3,15,-26
Diyala,Diyala,2018-03-15,9041,2018,3,15,-275
Diyala,Erbil,2018-03-15,266,2018,3,15,35
Diyala,Kerbala,2018-03-15,27,2018,3,15,7
Diyala,Kirkuk,2018-03-15,665,2018,3,15,-34
Diyala,Missan,2018-03-15,16,2018,3,15,0
Diyala,Muthanna,2018-03-15,7,2018,3,15,0
Diyala,Najaf,2018-03-15,19,2018,3,15,0
Diyala,Qadissiya,2018-03-15,21,2018,3,15,-1
Diyala,Salah al-Din,2018-03-15,289,2018,3,15,0
Diyala,Sulaymaniyah,2018-03-15,3993,2018,3,15,146
Diyala,Thi-Qar,2018-03-15,11,2018,3,15,0
Diyala,Wassit,2018-03-15,146,2018,3,15,-13
Diyala,Basrah,2018-03-15,40,2018,3,15,-2
Salah al-Din,Wassit,2018-03-15,245,2018,3,15,-15
Baghdad,Basrah,2018-03-15,30,2018,3,15,0
Baghdad,Babylon,2018-03-15,85,2018,3,15,-1
Anbar,Erbil,2018-03-15,13017,2018,3,15,-496
Anbar,Kerbala,2018-03-15,124,2018,3,15,10
Anbar,Kirkuk,2018-03-15,1112,2018,3,15,-302
Anbar,Missan,2018-03-15,29,2018,3,15,0
Anbar,Muthanna,2018-03-15,56,2018,3,15,-13
Anbar,Najaf,2018-03-15,186,2018,3,15,-28
Anbar,Ninewa,2018-03-15,35,2018,3,15,0
Anbar,Qadissiya,2018-03-15,160,2018,3,15,-37
Anbar,Salah al-Din,2018-03-15,163,2018,3,15,0
Anbar,Sulaymaniyah,2018-03-15,6492,2018,3,15,-818
Anbar,Thi-Qar,2018-03-15,152,2018,3,15,-5
Anbar,Wassit,2018-03-15,237,2018,3,15,12
Baghdad,Baghdad,2018-03-15,104,2018,3,15,-6
Babylon,Anbar,2018-03-15,555,2018,3,15,0
Babylon,Baghdad,2018-03-15,994,2018,3,15,-11
Babylon,Basrah,2018-03-15,22,2018,3,15,0
Babylon,Diyala,2018-03-15,77,2018,3,15,0
Babylon,Kerbala,2018-03-15,169,2018,3,15,-2
Babylon,Kirkuk,2018-03-15,24,2018,3,15,4
Babylon,Missan,2018-03-15,7,2018,3,15,0
Babylon,Ninewa,2018-03-15,5,2018,3,15,0
Babylon,Qadissiya,2018-03-15,7,2018,3,15,-3
Babylon,Sulaymaniyah,2018-03-15,1357,2018,3,15,41
Babylon,Thi-Qar,2018-03-15,8,2018,3,15,1
Babylon,Wassit,2018-03-15,20,2018,3,15,0
Baghdad,Anbar,2018-03-15,24,2018,3,15,0
Babylon,Babylon,2018-03-15,2436,2018,3,15,0
Anbar,Diyala,2018-03-15,261,2018,3,15,0
Erbil,Erbil,2018-03-15,1244,2018,3,15,0
Kirkuk,Anbar,2018-03-15,40,2018,3,15,0
Ninewa,Qadissiya,2018-03-15,1822,2018,3,15,-71
Ninewa,Salah al-Din,2018-03-15,818,2018,3,15,-69
Ninewa,Sulaymaniyah,2018-03-15,2437,2018,3,15,-35
Ninewa,Thi-Qar,2018-03-15,597,2018,3,15,-6
Ninewa,Wassit,2018-03-15,1467,2018,3,15,-23
Salah al-Din,Anbar,2018-03-15,45,2018,3,15,0
Salah al-Din,Babylon,2018-03-15,68,2018,3,15,0
Salah al-Din,Baghdad,2018-03-15,1555,2018,3,15,-80
Salah al-Din,Basrah,2018-03-15,422,2018,3,15,-10
Salah al-Din,Dahuk,2018-03-15,63,2018,3,15,0
Salah al-Din,Diyala,2018-03-15,3436,2018,3,15,9
Salah al-Din,Erbil,2018-03-15,3759,2018,3,15,-150
Ninewa,Ninewa,2018-03-15,112851,2018,3,15,-487
Salah al-Din,Kerbala,2018-03-15,23,2018,3,15,-3
Salah al-Din,Missan,2018-03-15,65,2018,3,15,0
Salah al-Din,Muthanna,2018-03-15,28,2018,3,15,-4
Salah al-Din,Najaf,2018-03-15,12,2018,3,15,-7
Salah al-Din,Ninewa,2018-03-15,761,2018,3,15,0
Salah al-Din,Qadissiya,2018-03-15,27,2018,3,15,0
Salah al-Din,Salah al-Din,2018-03-15,28252,2018,3,15,-571
Salah al-Din,Sulaymaniyah,2018-03-15,9315,2018,3,15,185
Salah al-Din,Thi-Qar,2018-03-15,52,2018,3,15,0
Anbar,Basrah,2018-03-15,276,2018,3,15,0
Anbar,Baghdad,2018-03-15,14429,2018,3,15,-865
Anbar,Babylon,2018-03-15,259,2018,3,15,-22
Anbar,Anbar,2018-03-15,13819,2018,3,15,-482
Salah al-Din,Kirkuk,2018-03-15,4586,2018,3,15,-69
Erbil,Ninewa,2018-03-15,96,2018,3,15,0
Ninewa,Najaf,2018-03-15,6269,2018,3,15,-682
Ninewa,Missan,2018-03-15,293,2018,3,15,-6
Kirkuk,Babylon,2018-03-15,1,2018,3,15,0
Kirkuk,Baghdad,2018-03-15,131,2018,3,15,0
Kirkuk,Basrah,2018-03-15,131,2018,3,15,-1
Kirkuk,Dahuk,2018-03-15,6,2018,3,15,0
Kirkuk,Diyala,2018-03-15,108,2018,3,15,0
Kirkuk,Erbil,2018-03-15,5412,2018,3,15,43
Kirkuk,Kerbala,2018-03-15,51,2018,3,15,5
Kirkuk,Kirkuk,2018-03-15,14825,2018,3,15,-558
Kirkuk,Missan,2018-03-15,97,2018,3,15,0
Kirkuk,Muthanna,2018-03-15,18,2018,3,15,0
Kirkuk,Najaf,2018-03-15,31,2018,3,15,0
Kirkuk,Ninewa,2018-03-15,2024,2018,3,15,-70
Ninewa,Muthanna,2018-03-15,214,2018,3,15,-21
Kirkuk,Qadissiya,2018-03-15,259,2018,3,15,-21
Kirkuk,Sulaymaniyah,2018-03-15,2770,2018,3,15,-250
Kirkuk,Thi-Qar,2018-03-15,102,2018,3,15,0
Kirkuk,Wassit,2018-03-15,141,2018,3,15,-10
Ninewa,Anbar,2018-03-15,87,2018,3,15,0
Ninewa,Babylon,2018-03-15,2044,2018,3,15,-142
Ninewa,Baghdad,2018-03-15,5152,2018,3,15,-189
Ninewa,Basrah,2018-03-15,496,2018,3,15,-14
Ninewa,Dahuk,2018-03-15,58853,2018,3,15,-182
Ninewa,Diyala,2018-03-15,103,2018,3,15,0
Ninewa,Erbil,2018-03-15,14573,2018,3,15,272
Ninewa,Kerbala,2018-03-15,5360,2018,3,15,-1225
Ninewa,Kirkuk,2018-03-15,3088,2018,3,15,-148
Kirkuk,Salah al-Din,2018-03-15,5658,2018,3,15,-80
Anbar,Dahuk,2018-03-15,107,2018,3,15,0
Anbar,Babylon,2018-03-30,241,2018,3,30,-18
Anbar,Anbar,2018-03-30,13395,2018,3,30,-424
Anbar,Basrah,2018-03-30,277,2018,3,30,1
Anbar,Baghdad,2018-03-30,13591,2018,3,30,-838
Ninewa,Erbil,2018-03-30,14573,2018,3,30,0
Ninewa,Diyala,2018-03-30,103,2018,3,30,0
Ninewa,Dahuk,2018-03-30,58848,2018,3,30,-5
Ninewa,Basrah,2018-03-30,490,2018,3,30,-6
Ninewa,Baghdad,2018-03-30,4784,2018,3,30,-368
Ninewa,Babylon,2018-03-30,1818,2018,3,30,-226
Ninewa,Anbar,2018-03-30,87,2018,3,30,0
Kirkuk,Wassit,2018-03-30,138,2018,3,30,-3
Kirkuk,Thi-Qar,2018-03-30,106,2018,3,30,4
Kirkuk,Sulaymaniyah,2018-03-30,2337,2018,3,30,-433
Kirkuk,Salah al-Din,2018-03-30,5542,2018,3,30,-116
Kirkuk,Qadissiya,2018-03-30,258,2018,3,30,-1
Kirkuk,Ninewa,2018-03-30,2024,2018,3,30,0
Kirkuk,Najaf,2018-03-30,23,2018,3,30,-8
Kirkuk,Muthanna,2018-03-30,17,2018,3,30,-1
Kirkuk,Missan,2018-03-30,97,2018,3,30,0
Kirkuk,Kirkuk,2018-03-30,14701,2018,3,30,-124
Kirkuk,Kerbala,2018-03-30,51,2018,3,30,0
Kirkuk,Erbil,2018-03-30,5089,2018,3,30,-323
Kirkuk,Diyala,2018-03-30,108,2018,3,30,0
Kirkuk,Dahuk,2018-03-30,6,2018,3,30,0
Kirkuk,Basrah,2018-03-30,130,2018,3,30,-1
Kirkuk,Baghdad,2018-03-30,122,2018,3,30,-9
Kirkuk,Babylon,2018-03-30,1,2018,3,30,0
Erbil,Ninewa,2018-03-30,96,2018,3,30,0
Ninewa,Kerbala,2018-03-30,5365,2018,3,30,5
Erbil,Erbil,2018-03-30,1219,2018,3,30,-25
Ninewa,Kirkuk,2018-03-30,3062,2018,3,30,-26
Ninewa,Muthanna,2018-03-30,178,2018,3,30,-36
Salah al-Din,Wassit,2018-03-30,238,2018,3,30,-7
Salah al-Din,Thi-Qar,2018-03-30,45,2018,3,30,-7
Salah al-Din,Sulaymaniyah,2018-03-30,8017,2018,3,30,-1298
Salah al-Din,Salah al-Din,2018-03-30,27488,2018,3,30,-764
Salah al-Din,Qadissiya,2018-03-30,27,2018,3,30,0
Salah al-Din,Ninewa,2018-03-30,761,2018,3,30,0
Salah al-Din,Najaf,2018-03-30,6,2018,3,30,-6
Salah al-Din,Muthanna,2018-03-30,24,2018,3,30,-4
Salah al-Din,Missan,2018-03-30,63,2018,3,30,-2
Salah al-Din,Kirkuk,2018-03-30,4670,2018,3,30,84
Salah al-Din,Kerbala,2018-03-30,23,2018,3,30,0
Salah al-Din,Erbil,2018-03-30,3704,2018,3,30,-55
Salah al-Din,Diyala,2018-03-30,3435,2018,3,30,-1
Salah al-Din,Dahuk,2018-03-30,67,2018,3,30,4
Salah al-Din,Basrah,2018-03-30,430,2018,3,30,8
Salah al-Din,Baghdad,2018-03-30,1392,2018,3,30,-163
Salah al-Din,Babylon,2018-03-30,62,2018,3,30,-6
Salah al-Din,Anbar,2018-03-30,40,2018,3,30,-5
Ninewa,Wassit,2018-03-30,1468,2018,3,30,1
Ninewa,Thi-Qar,2018-03-30,441,2018,3,30,-156
Ninewa,Sulaymaniyah,2018-03-30,2310,2018,3,30,-127
Ninewa,Salah al-Din,2018-03-30,724,2018,3,30,-94
Ninewa,Qadissiya,2018-03-30,1811,2018,3,30,-11
Ninewa,Ninewa,2018-03-30,108066,2018,3,30,-4785
Ninewa,Najaf,2018-03-30,5991,2018,3,30,-278
Ninewa,Missan,2018-03-30,282,2018,3,30,-11
Erbil,Baghdad,2018-03-30,9,2018,3,30,0
Diyala,Wassit,2018-03-30,146,2018,3,30,0
Baghdad,Anbar,2018-03-30,24,2018,3,30,0
Babylon,Wassit,2018-03-30,20,2018,3,30,0
Babylon,Thi-Qar,2018-03-30,6,2018,3,30,-2
Babylon,Sulaymaniyah,2018-03-30,1456,2018,3,30,99
Babylon,Qadissiya,2018-03-30,7,2018,3,30,0
Babylon,Ninewa,2018-03-30,5,2018,3,30,0
Babylon,Missan,2018-03-30,7,2018,3,30,0
Babylon,Kirkuk,2018-03-30,24,2018,3,30,0
Babylon,Kerbala,2018-03-30,169,2018,3,30,0
Babylon,Diyala,2018-03-30,75,2018,3,30,-2
Babylon,Basrah,2018-03-30,21,2018,3,30,-1
Babylon,Baghdad,2018-03-30,966,2018,3,30,-28
Babylon,Babylon,2018-03-30,2438,2018,3,30,2
Babylon,Anbar,2018-03-30,546,2018,3,30,-9
Anbar,Wassit,2018-03-30,221,2018,3,30,-16
Anbar,Thi-Qar,2018-03-30,127,2018,3,30,-25
Anbar,Sulaymaniyah,2018-03-30,6090,2018,3,30,-402
Anbar,Salah al-Din,2018-03-30,154,2018,3,30,-9
Anbar,Qadissiya,2018-03-30,138,2018,3,30,-22
Anbar,Ninewa,2018-03-30,31,2018,3,30,-4
Anbar,Najaf,2018-03-30,117,2018,3,30,-69
Anbar,Muthanna,2018-03-30,46,2018,3,30,-10
Anbar,Missan,2018-03-30,29,2018,3,30,0
Anbar,Kirkuk,2018-03-30,1104,2018,3,30,-8
Anbar,Kerbala,2018-03-30,120,2018,3,30,-4
Anbar,Erbil,2018-03-30,12934,2018,3,30,-83
Diyala,Thi-Qar,2018-03-30,14,2018,3,30,3
Anbar,Diyala,2018-03-30,261,2018,3,30,0
Baghdad,Babylon,2018-03-30,85,2018,3,30,0
Baghdad,Basrah,2018-03-30,28,2018,3,30,-2
Diyala,Sulaymaniyah,2018-03-30,4144,2018,3,30,151
Diyala,Salah al-Din,2018-03-30,289,2018,3,30,0
Diyala,Qadissiya,2018-03-30,19,2018,3,30,-2
Diyala,Najaf,2018-03-30,13,2018,3,30,-6
Diyala,Muthanna,2018-03-30,7,2018,3,30,0
Diyala,Missan,2018-03-30,16,2018,3,30,0
Diyala,Kirkuk,2018-03-30,652,2018,3,30,-13
Diyala,Kerbala,2018-03-30,27,2018,3,30,0
Diyala,Erbil,2018-03-30,266,2018,3,30,0
Diyala,Diyala,2018-03-30,8964,2018,3,30,-77
Diyala,Basrah,2018-03-30,40,2018,3,30,0
Diyala,Baghdad,2018-03-30,385,2018,3,30,-46
Diyala,Babylon,2018-03-30,18,2018,3,30,-1
Baghdad,Wassit,2018-03-30,49,2018,3,30,-1
Baghdad,Thi-Qar,2018-03-30,7,2018,3,30,0
Baghdad,Sulaymaniyah,2018-03-30,3251,2018,3,30,-61
Baghdad,Qadissiya,2018-03-30,61,2018,3,30,-3
Baghdad,Ninewa,2018-03-30,2,2018,3,30,0
Baghdad,Muthanna,2018-03-30,28,2018,3,30,-1
Baghdad,Missan,2018-03-30,27,2018,3,30,0
Baghdad,Kirkuk,2018-03-30,154,2018,3,30,0
Baghdad,Kerbala,2018-03-30,25,2018,3,30,0
Baghdad,Erbil,2018-03-30,909,2018,3,30,0
Baghdad,Diyala,2018-03-30,63,2018,3,30,0
Baghdad,Dahuk,2018-03-30,44,2018,3,30,0
Baghdad,Baghdad,2018-03-30,95,2018,3,30,-9
Anbar,Dahuk,2018-03-30,107,2018,3,30,0
Anbar,Baghdad,2018-04-15,12997,2018,4,15,-594
Anbar,Babylon,2018-04-15,219,2018,4,15,-22
Anbar,Diyala,2018-04-15,261,2018,4,15,0
Anbar,Basrah,2018-04-15,278,2018,4,15,1
Anbar,Anbar,2018-04-15,13404,2018,4,15,9
Anbar,Dahuk,2018-04-15,82,2018,4,15,-25
Anbar,Erbil,2018-04-15,12860,2018,4,15,-74
Ninewa,Dahuk,2018-04-15,58218,2018,4,15,-630
Ninewa,Diyala,2018-04-15,106,2018,4,15,3
Ninewa,Basrah,2018-04-15,442,2018,4,15,-48
Ninewa,Baghdad,2018-04-15,4577,2018,4,15,-207
Ninewa,Babylon,2018-04-15,1731,2018,4,15,-87
Ninewa,Anbar,2018-04-15,87,2018,4,15,0
Kirkuk,Wassit,2018-04-15,138,2018,4,15,0
Kirkuk,Thi-Qar,2018-04-15,101,2018,4,15,-5
Kirkuk,Sulaymaniyah,2018-04-15,2013,2018,4,15,-324
Kirkuk,Salah al-Din,2018-04-15,5125,2018,4,15,-417
Kirkuk,Qadissiya,2018-04-15,252,2018,4,15,-6
Kirkuk,Ninewa,2018-04-15,2012,2018,4,15,-12
Kirkuk,Najaf,2018-04-15,15,2018,4,15,-8
Kirkuk,Muthanna,2018-04-15,16,2018,4,15,-1
Kirkuk,Missan,2018-04-15,98,2018,4,15,1
Kirkuk,Kirkuk,2018-04-15,14100,2018,4,15,-601
Kirkuk,Kerbala,2018-04-15,51,2018,4,15,0
Kirkuk,Diyala,2018-04-15,112,2018,4,15,4
Kirkuk,Dahuk,2018-04-15,13,2018,4,15,7
Kirkuk,Basrah,2018-04-15,130,2018,4,15,0
Kirkuk,Baghdad,2018-04-15,113,2018,4,15,-9
Kirkuk,Babylon,2018-04-15,1,2018,4,15,0
Erbil,Ninewa,2018-04-15,36,2018,4,15,-60
Erbil,Erbil,2018-04-15,1172,2018,4,15,-47
Erbil,Baghdad,2018-04-15,8,2018,4,15,-1
Diyala,Wassit,2018-04-15,136,2018,4,15,-10
Ninewa,Erbil,2018-04-15,14519,2018,4,15,-54
Ninewa,Kerbala,2018-04-15,5158,2018,4,15,-207
Ninewa,Kirkuk,2018-04-15,3081,2018,4,15,19
Ninewa,Missan,2018-04-15,281,2018,4,15,-1
Salah al-Din,Wassit,2018-04-15,238,2018,4,15,0
Salah al-Din,Thi-Qar,2018-04-15,37,2018,4,15,-8
Salah al-Din,Sulaymaniyah,2018-04-15,7729,2018,4,15,-288
Salah al-Din,Salah al-Din,2018-04-15,27065,2018,4,15,-423
Salah al-Din,Qadissiya,2018-04-15,26,2018,4,15,-1
Salah al-Din,Ninewa,2018-04-15,736,2018,4,15,-25
Salah al-Din,Najaf,2018-04-15,6,2018,4,15,0
Salah al-Din,Muthanna,2018-04-15,23,2018,4,15,-1
Salah al-Din,Missan,2018-04-15,63,2018,4,15,0
Salah al-Din,Kirkuk,2018-04-15,4623,2018,4,15,-47
Salah al-Din,Kerbala,2018-04-15,23,2018,4,15,0
Salah al-Din,Erbil,2018-04-15,3679,2018,4,15,-25
Diyala,Thi-Qar,2018-04-15,12,2018,4,15,-2
Salah al-Din,Diyala,2018-04-15,2601,2018,4,15,-834
Salah al-Din,Basrah,2018-04-15,423,2018,4,15,-7
Salah al-Din,Baghdad,2018-04-15,1334,2018,4,15,-58
Salah al-Din,Babylon,2018-04-15,62,2018,4,15,0
Salah al-Din,Anbar,2018-04-15,40,2018,4,15,0
Ninewa,Wassit,2018-04-15,1494,2018,4,15,26
Ninewa,Thi-Qar,2018-04-15,412,2018,4,15,-29
Ninewa,Sulaymaniyah,2018-04-15,2347,2018,4,15,37
Ninewa,Salah al-Din,2018-04-15,656,2018,4,15,-68
Ninewa,Qadissiya,2018-04-15,1761,2018,4,15,-50
Ninewa,Ninewa,2018-04-15,104858,2018,4,15,-3208
Ninewa,Najaf,2018-04-15,5166,2018,4,15,-825
Ninewa,Muthanna,2018-04-15,155,2018,4,15,-23
Salah al-Din,Dahuk,2018-04-15,70,2018,4,15,3
Diyala,Sulaymaniyah,2018-04-15,4179,2018,4,15,35
Kirkuk,Erbil,2018-04-15,4991,2018,4,15,-98
Diyala,Qadissiya,2018-04-15,19,2018,4,15,0
Babylon,Wassit,2018-04-15,20,2018,4,15,0
Babylon,Thi-Qar,2018-04-15,5,2018,4,15,-1
Babylon,Sulaymaniyah,2018-04-15,1563,2018,4,15,107
Babylon,Qadissiya,2018-04-15,7,2018,4,15,0
Babylon,Ninewa,2018-04-15,5,2018,4,15,0
Babylon,Missan,2018-04-15,7,2018,4,15,0
Babylon,Kirkuk,2018-04-15,24,2018,4,15,0
Babylon,Kerbala,2018-04-15,166,2018,4,15,-3
Babylon,Diyala,2018-04-15,78,2018,4,15,3
Babylon,Basrah,2018-04-15,22,2018,4,15,1
Babylon,Baghdad,2018-04-15,884,2018,4,15,-82
Baghdad,Anbar,2018-04-15,24,2018,4,15,0
Diyala,Salah al-Din,2018-04-15,289,2018,4,15,0
Anbar,Wassit,2018-04-15,225,2018,4,15,4
Anbar,Thi-Qar,2018-04-15,116,2018,4,15,-11
Anbar,Sulaymaniyah,2018-04-15,5632,2018,4,15,-458
Anbar,Salah al-Din,2018-04-15,140,2018,4,15,-14
Anbar,Qadissiya,2018-04-15,132,2018,4,15,-6
Anbar,Ninewa,2018-04-15,27,2018,4,15,-4
Anbar,Najaf,2018-04-15,93,2018,4,15,-24
Anbar,Muthanna,2018-04-15,43,2018,4,15,-3
Anbar,Missan,2018-04-15,29,2018,4,15,0
Anbar,Kirkuk,2018-04-15,1084,2018,4,15,-20
Anbar,Kerbala,2018-04-15,124,2018,4,15,4
Babylon,Anbar,2018-04-15,546,2018,4,15,0
Baghdad,Babylon,2018-04-15,73,2018,4,15,-12
Babylon,Babylon,2018-04-15,2438,2018,4,15,0
Baghdad,Baghdad,2018-04-15,87,2018,4,15,-8
Diyala,Najaf,2018-04-15,12,2018,4,15,-1
Diyala,Muthanna,2018-04-15,6,2018,4,15,-1
Diyala,Kirkuk,2018-04-15,626,2018,4,15,-26
Diyala,Kerbala,2018-04-15,26,2018,4,15,-1
Diyala,Erbil,2018-04-15,260,2018,4,15,-6
Diyala,Diyala,2018-04-15,9002,2018,4,15,38
Diyala,Basrah,2018-04-15,37,2018,4,15,-3
Diyala,Baghdad,2018-04-15,382,2018,4,15,-3
Diyala,Babylon,2018-04-15,18,2018,4,15,0
Baghdad,Wassit,2018-04-15,49,2018,4,15,0
Baghdad,Thi-Qar,2018-04-15,2,2018,4,15,-5
Diyala,Missan,2018-04-15,16,2018,4,15,0
Baghdad,Qadissiya,2018-04-15,60,2018,4,15,-1
Baghdad,Ninewa,2018-04-15,2,2018,4,15,0
Baghdad,Muthanna,2018-04-15,28,2018,4,15,0
Baghdad,Missan,2018-04-15,27,2018,4,15,0
Baghdad,Kirkuk,2018-04-15,154,2018,4,15,0
Baghdad,Kerbala,2018-04-15,25,2018,4,15,0
Baghdad,Erbil,2018-04-15,905,2018,4,15,-4
Baghdad,Sulaymaniyah,2018-04-15,3193,2018,4,15,-58
Baghdad,Diyala,2018-04-15,65,2018,4,15,2
Baghdad,Dahuk,2018-04-15,22,2018,4,15,-22
Baghdad,Basrah,2018-04-15,28,2018,4,15,0
Baghdad,Sulaymaniyah,2018-04-30,3246,2018,4,30,53
Baghdad,Qadissiya,2018-04-30,60,2018,4,30,0
Baghdad,Ninewa,2018-04-30,2,2018,4,30,0
Baghdad,Muthanna,2018-04-30,26,2018,4,30,-2
Baghdad,Missan,2018-04-30,27,2018,4,30,0
Baghdad,Kerbala,2018-04-30,25,2018,4,30,0
Baghdad,Thi-Qar,2018-04-30,2,2018,4,30,0
Baghdad,Erbil,2018-04-30,905,2018,4,30,0
Baghdad,Diyala,2018-04-30,115,2018,4,30,50
Baghdad,Dahuk,2018-04-30,20,2018,4,30,-2
Baghdad,Basrah,2018-04-30,27,2018,4,30,-1
Baghdad,Kirkuk,2018-04-30,149,2018,4,30,-5
Baghdad,Wassit,2018-04-30,49,2018,4,30,0
Diyala,Kerbala,2018-04-30,24,2018,4,30,-2
Diyala,Baghdad,2018-04-30,380,2018,4,30,-2
Diyala,Basrah,2018-04-30,36,2018,4,30,-1
Diyala,Diyala,2018-04-30,9011,2018,4,30,9
Diyala,Erbil,2018-04-30,260,2018,4,30,0
Diyala,Kirkuk,2018-04-30,663,2018,4,30,37
Diyala,Missan,2018-04-30,16,2018,4,30,0
Diyala,Thi-Qar,2018-04-30,12,2018,4,30,0
Diyala,Muthanna,2018-04-30,6,2018,4,30,0
Diyala,Sulaymaniyah,2018-04-30,4188,2018,4,30,9
Diyala,Salah al-Din,2018-04-30,256,2018,4,30,-33
Diyala,Qadissiya,2018-04-30,19,2018,4,30,0
Diyala,Najaf,2018-04-30,7,2018,4,30,-5
Baghdad,Baghdad,2018-04-30,86,2018,4,30,-1
Diyala,Babylon,2018-04-30,18,2018,4,30,0
Baghdad,Babylon,2018-04-30,73,2018,4,30,0
Anbar,Diyala,2018-04-30,241,2018,4,30,-20
Babylon,Wassit,2018-04-30,20,2018,4,30,0
Anbar,Dahuk,2018-04-30,77,2018,4,30,-5
Anbar,Basrah,2018-04-30,280,2018,4,30,2
Anbar,Baghdad,2018-04-30,12390,2018,4,30,-607
Anbar,Babylon,2018-04-30,219,2018,4,30,0
Anbar,Anbar,2018-04-30,13259,2018,4,30,-145
Diyala,Wassit,2018-04-30,124,2018,4,30,-12
Anbar,Kerbala,2018-04-30,112,2018,4,30,-12
Anbar,Kirkuk,2018-04-30,937,2018,4,30,-147
Anbar,Missan,2018-04-30,29,2018,4,30,0
Anbar,Muthanna,2018-04-30,37,2018,4,30,-6
Anbar,Najaf,2018-04-30,52,2018,4,30,-41
Anbar,Ninewa,2018-04-30,17,2018,4,30,-10
Anbar,Qadissiya,2018-04-30,120,2018,4,30,-12
Baghdad,Anbar,2018-04-30,24,2018,4,30,0
Anbar,Salah al-Din,2018-04-30,140,2018,4,30,0
Anbar,Thi-Qar,2018-04-30,116,2018,4,30,0
Anbar,Wassit,2018-04-30,217,2018,4,30,-8
Babylon,Anbar,2018-04-30,546,2018,4,30,0
Babylon,Babylon,2018-04-30,2438,2018,4,30,0
Babylon,Baghdad,2018-04-30,884,2018,4,30,0
Babylon,Basrah,2018-04-30,22,2018,4,30,0
Babylon,Diyala,2018-04-30,83,2018,4,30,5
Babylon,Kerbala,2018-04-30,166,2018,4,30,0
Babylon,Kirkuk,2018-04-30,24,2018,4,30,0
Babylon,Missan,2018-04-30,6,2018,4,30,-1
Babylon,Qadissiya,2018-04-30,7,2018,4,30,0
Babylon,Sulaymaniyah,2018-04-30,1589,2018,4,30,26
Babylon,Thi-Qar,2018-04-30,5,2018,4,30,0
Anbar,Sulaymaniyah,2018-04-30,4728,2018,4,30,-904
Erbil,Erbil,2018-04-30,1120,2018,4,30,-52
Anbar,Erbil,2018-04-30,12798,2018,4,30,-62
Kirkuk,Babylon,2018-04-30,1,2018,4,30,0
Ninewa,Ninewa,2018-04-30,104129,2018,4,30,-729
Ninewa,Qadissiya,2018-04-30,1741,2018,4,30,-20
Ninewa,Salah al-Din,2018-04-30,583,2018,4,30,-73
Ninewa,Sulaymaniyah,2018-04-30,2163,2018,4,30,-184
Ninewa,Thi-Qar,2018-04-30,412,2018,4,30,0
Ninewa,Wassit,2018-04-30,1486,2018,4,30,-8
Salah al-Din,Anbar,2018-04-30,40,2018,4,30,0
Salah al-Din,Babylon,2018-04-30,62,2018,4,30,0
Salah al-Din,Baghdad,2018-04-30,1285,2018,4,30,-49
Salah al-Din,Basrah,2018-04-30,418,2018,4,30,-5
Salah al-Din,Dahuk,2018-04-30,90,2018,4,30,20
Salah al-Din,Erbil,2018-04-30,3664,2018,4,30,-15
Salah al-Din,Kerbala,2018-04-30,21,2018,4,30,-2
Salah al-Din,Kirkuk,2018-04-30,4552,2018,4,30,-71
Salah al-Din,Missan,2018-04-30,63,2018,4,30,0
Salah al-Din,Muthanna,2018-04-30,22,2018,4,30,-1
Salah al-Din,Najaf,2018-04-30,6,2018,4,30,0
Salah al-Din,Ninewa,2018-04-30,721,2018,4,30,-15
Salah al-Din,Qadissiya,2018-04-30,26,2018,4,30,0
Salah al-Din,Salah al-Din,2018-04-30,25713,2018,4,30,-1352
Salah al-Din,Sulaymaniyah,2018-04-30,7607,2018,4,30,-122
Salah al-Din,Thi-Qar,2018-04-30,37,2018,4,30,0
Salah al-Din,Wassit,2018-04-30,213,2018,4,30,-25
Ninewa,Najaf,2018-04-30,5136,2018,4,30,-30
Ninewa,Muthanna,2018-04-30,143,2018,4,30,-12
Salah al-Din,Diyala,2018-04-30,1989,2018,4,30,-612
Ninewa,Kirkuk,2018-04-30,2896,2018,4,30,-185
Ninewa,Missan,2018-04-30,275,2018,4,30,-6
Kirkuk,Baghdad,2018-04-30,113,2018,4,30,0
Kirkuk,Basrah,2018-04-30,131,2018,4,30,1
Kirkuk,Dahuk,2018-04-30,14,2018,4,30,1
Kirkuk,Diyala,2018-04-30,77,2018,4,30,-35
Kirkuk,Erbil,2018-04-30,4891,2018,4,30,-100
Kirkuk,Kerbala,2018-04-30,51,2018,4,30,0
Kirkuk,Kirkuk,2018-04-30,13902,2018,4,30,-198
Kirkuk,Missan,2018-04-30,97,2018,4,30,-1
Kirkuk,Muthanna,2018-04-30,16,2018,4,30,0
Kirkuk,Najaf,2018-04-30,15,2018,4,30,0
Kirkuk,Ninewa,2018-04-30,2000,2018,4,30,-12
Kirkuk,Qadissiya,2018-04-30,249,2018,4,30,-3
Erbil,Ninewa,2018-04-30,36,2018,4,30,0
Kirkuk,Salah al-Din,2018-04-30,4893,2018,4,30,-232
Ninewa,Erbil,2018-04-30,14444,2018,4,30,-75
Ninewa,Diyala,2018-04-30,112,2018,4,30,6
Ninewa,Dahuk,2018-04-30,58140,2018,4,30,-78
Ninewa,Basrah,2018-04-30,442,2018,4,30,0
Ninewa,Baghdad,2018-04-30,4334,2018,4,30,-243
Ninewa,Kerbala,2018-04-30,4917,2018,4,30,-241
Ninewa,Anbar,2018-04-30,87,2018,4,30,0
Kirkuk,Wassit,2018-04-30,114,2018,4,30,-24
Kirkuk,Thi-Qar,2018-04-30,101,2018,4,30,0
Kirkuk,Sulaymaniyah,2018-04-30,2128,2018,4,30,115
Ninewa,Babylon,2018-04-30,1696,2018,4,30,-35
Baghdad,Muthanna,2018-05-15,24,2018,5,15,-2
Baghdad,Missan,2018-05-15,27,2018,5,15,0
Baghdad,Kirkuk,2018-05-15,149,2018,5,15,0
Baghdad,Kerbala,2018-05-15,25,2018,5,15,0
Baghdad,Erbil,2018-05-15,892,2018,5,15,-13
Baghdad,Basrah,2018-05-15,28,2018,5,15,1
Baghdad,Dahuk,2018-05-15,20,2018,5,15,0
Baghdad,Baghdad,2018-05-15,86,2018,5,15,0
Baghdad,Babylon,2018-05-15,66,2018,5,15,-7
Baghdad,Ninewa,2018-05-15,2,2018,5,15,0
Baghdad,Anbar,2018-05-15,24,2018,5,15,0
Baghdad,Diyala,2018-05-15,115,2018,5,15,0
Baghdad,Qadissiya,2018-05-15,59,2018,5,15,-1
Diyala,Basrah,2018-05-15,36,2018,5,15,0
Baghdad,Thi-Qar,2018-05-15,2,2018,5,15,0
Baghdad,Wassit,2018-05-15,29,2018,5,15,-20
Diyala,Babylon,2018-05-15,18,2018,5,15,0
Diyala,Baghdad,2018-05-15,378,2018,5,15,-2
Babylon,Wassit,2018-05-15,20,2018,5,15,0
Diyala,Diyala,2018-05-15,8936,2018,5,15,-75
Diyala,Erbil,2018-05-15,260,2018,5,15,0
Diyala,Kerbala,2018-05-15,24,2018,5,15,0
Diyala,Kirkuk,2018-05-15,663,2018,5,15,0
Diyala,Missan,2018-05-15,16,2018,5,15,0
Diyala,Muthanna,2018-05-15,6,2018,5,15,0
Diyala,Qadissiya,2018-05-15,17,2018,5,15,-2
Baghdad,Sulaymaniyah,2018-05-15,3255,2018,5,15,9
Diyala,Najaf,2018-05-15,7,2018,5,15,0
Anbar,Baghdad,2018-05-15,12191,2018,5,15,-199
Babylon,Qadissiya,2018-05-15,5,2018,5,15,-2
Anbar,Anbar,2018-05-15,13122,2018,5,15,-137
Anbar,Babylon,2018-05-15,208,2018,5,15,-11
Diyala,Salah al-Din,2018-05-15,256,2018,5,15,0
Anbar,Basrah,2018-05-15,273,2018,5,15,-7
Anbar,Dahuk,2018-05-15,77,2018,5,15,0
Anbar,Diyala,2018-05-15,244,2018,5,15,3
Anbar,Erbil,2018-05-15,12677,2018,5,15,-121
Anbar,Kerbala,2018-05-15,112,2018,5,15,0
Anbar,Kirkuk,2018-05-15,916,2018,5,15,-21
Anbar,Missan,2018-05-15,29,2018,5,15,0
Anbar,Muthanna,2018-05-15,35,2018,5,15,-2
Anbar,Najaf,2018-05-15,52,2018,5,15,0
Babylon,Sulaymaniyah,2018-05-15,1592,2018,5,15,3
Anbar,Ninewa,2018-05-15,17,2018,5,15,0
Anbar,Salah al-Din,2018-05-15,140,2018,5,15,0
Anbar,Sulaymaniyah,2018-05-15,4709,2018,5,15,-19
Anbar,Thi-Qar,2018-05-15,116,2018,5,15,0
Anbar,Wassit,2018-05-15,234,2018,5,15,17
Babylon,Anbar,2018-05-15,546,2018,5,15,0
Babylon,Babylon,2018-05-15,2458,2018,5,15,20
Babylon,Baghdad,2018-05-15,882,2018,5,15,-2
Babylon,Basrah,2018-05-15,22,2018,5,15,0
Babylon,Diyala,2018-05-15,84,2018,5,15,1
Babylon,Kerbala,2018-05-15,166,2018,5,15,0
Babylon,Kirkuk,2018-05-15,24,2018,5,15,0
Babylon,Missan,2018-05-15,6,2018,5,15,0
Anbar,Qadissiya,2018-05-15,101,2018,5,15,-19
Diyala,Sulaymaniyah,2018-05-15,4185,2018,5,15,-3
Babylon,Thi-Qar,2018-05-15,5,2018,5,15,0
Diyala,Wassit,2018-05-15,124,2018,5,15,0
Ninewa,Muthanna,2018-05-15,140,2018,5,15,-3
Ninewa,Najaf,2018-05-15,5076,2018,5,15,-60
Ninewa,Ninewa,2018-05-15,103703,2018,5,15,-426
Ninewa,Qadissiya,2018-05-15,1722,2018,5,15,-19
Ninewa,Salah al-Din,2018-05-15,583,2018,5,15,0
Ninewa,Sulaymaniyah,2018-05-15,2172,2018,5,15,9
Ninewa,Thi-Qar,2018-05-15,412,2018,5,15,0
Ninewa,Wassit,2018-05-15,1505,2018,5,15,19
Salah al-Din,Anbar,2018-05-15,40,2018,5,15,0
Salah al-Din,Babylon,2018-05-15,62,2018,5,15,0
Salah al-Din,Baghdad,2018-05-15,1278,2018,5,15,-7
Salah al-Din,Basrah,2018-05-15,419,2018,5,15,1
Ninewa,Missan,2018-05-15,273,2018,5,15,-2
Salah al-Din,Dahuk,2018-05-15,90,2018,5,15,0
Salah al-Din,Erbil,2018-05-15,3642,2018,5,15,-22
Salah al-Din,Kerbala,2018-05-15,21,2018,5,15,0
Salah al-Din,Kirkuk,2018-05-15,4463,2018,5,15,-89
Salah al-Din,Missan,2018-05-15,63,2018,5,15,0
Salah al-Din,Muthanna,2018-05-15,21,2018,5,15,-1
Salah al-Din,Najaf,2018-05-15,6,2018,5,15,0
Salah al-Din,Ninewa,2018-05-15,721,2018,5,15,0
Salah al-Din,Qadissiya,2018-05-15,26,2018,5,15,0
Salah al-Din,Salah al-Din,2018-05-15,25237,2018,5,15,-476
Salah al-Din,Sulaymaniyah,2018-05-15,7613,2018,5,15,6
Salah al-Din,Wassit,2018-05-15,197,2018,5,15,-16
Diyala,Thi-Qar,2018-05-15,12,2018,5,15,0
Salah al-Din,Diyala,2018-05-15,1991,2018,5,15,2
Ninewa,Kirkuk,2018-05-15,2876,2018,5,15,-20
Salah al-Din,Thi-Qar,2018-05-15,37,2018,5,15,0
Ninewa,Erbil,2018-05-15,14397,2018,5,15,-47
Erbil,Erbil,2018-05-15,1120,2018,5,15,0
Ninewa,Kerbala,2018-05-15,4770,2018,5,15,-147
Kirkuk,Babylon,2018-05-15,1,2018,5,15,0
Kirkuk,Baghdad,2018-05-15,113,2018,5,15,0
Kirkuk,Basrah,2018-05-15,130,2018,5,15,-1
Kirkuk,Dahuk,2018-05-15,14,2018,5,15,0
Kirkuk,Diyala,2018-05-15,77,2018,5,15,0
Kirkuk,Erbil,2018-05-15,4859,2018,5,15,-32
Kirkuk,Kerbala,2018-05-15,51,2018,5,15,0
Kirkuk,Kirkuk,2018-05-15,13396,2018,5,15,-506
Kirkuk,Missan,2018-05-15,97,2018,5,15,0
Kirkuk,Muthanna,2018-05-15,16,2018,5,15,0
Kirkuk,Najaf,2018-05-15,15,2018,5,15,0
Erbil,Ninewa,2018-05-15,36,2018,5,15,0
Kirkuk,Ninewa,2018-05-15,2000,2018,5,15,0
Kirkuk,Qadissiya,2018-05-15,249,2018,5,15,0
Kirkuk,Salah al-Din,2018-05-15,4647,2018,5,15,-246
Kirkuk,Sulaymaniyah,2018-05-15,2117,2018,5,15,-11
Kirkuk,Thi-Qar,2018-05-15,101,2018,5,15,0
Kirkuk,Wassit,2018-05-15,112,2018,5,15,-2
Ninewa,Anbar,2018-05-15,87,2018,5,15,0
Ninewa,Babylon,2018-05-15,1656,2018,5,15,-40
Ninewa,Baghdad,2018-05-15,4272,2018,5,15,-62
Ninewa,Basrah,2018-05-15,442,2018,5,15,0
Ninewa,Diyala,2018-05-15,113,2018,5,15,1
Ninewa,Dahuk,2018-05-15,58192,2018,5,15,52
Baghdad,Kerbala,2018-05-31,25,2018,5,31,0
Baghdad,Erbil,2018-05-31,889,2018,5,31,-3
Baghdad,Diyala,2018-05-31,116,2018,5,31,1
Baghdad,Dahuk,2018-05-31,20,2018,5,31,0
Babylon,Wassit,2018-05-31,20,2018,5,31,0
Baghdad,Baghdad,2018-05-31,84,2018,5,31,-2
Baghdad,Babylon,2018-05-31,66,2018,5,31,0
Baghdad,Anbar,2018-05-31,24,2018,5,31,0
Baghdad,Kirkuk,2018-05-31,149,2018,5,31,0
Baghdad,Basrah,2018-05-31,28,2018,5,31,0
Baghdad,Missan,2018-05-31,27,2018,5,31,0
Baghdad,Thi-Qar,2018-05-31,2,2018,5,31,0
Baghdad,Ninewa,2018-05-31,2,2018,5,31,0
Baghdad,Qadissiya,2018-05-31,59,2018,5,31,0
Baghdad,Sulaymaniyah,2018-05-31,3278,2018,5,31,23
Diyala,Kirkuk,2018-05-31,681,2018,5,31,18
Baghdad,Wassit,2018-05-31,29,2018,5,31,0
Diyala,Babylon,2018-05-31,17,2018,5,31,-1
Diyala,Baghdad,2018-05-31,368,2018,5,31,-10
Diyala,Basrah,2018-05-31,36,2018,5,31,0
Diyala,Diyala,2018-05-31,8763,2018,5,31,-173
Diyala,Erbil,2018-05-31,260,2018,5,31,0
Babylon,Thi-Qar,2018-05-31,5,2018,5,31,0
Diyala,Kerbala,2018-05-31,24,2018,5,31,0
Baghdad,Muthanna,2018-05-31,24,2018,5,31,0
Babylon,Sulaymaniyah,2018-05-31,1595,2018,5,31,3
Anbar,Sulaymaniyah,2018-05-31,4704,2018,5,31,-5
Babylon,Missan,2018-05-31,6,2018,5,31,0
Salah al-Din,Wassit,2018-05-31,182,2018,5,31,-15
Anbar,Anbar,2018-05-31,12835,2018,5,31,-287
Anbar,Babylon,2018-05-31,202,2018,5,31,-6
Anbar,Baghdad,2018-05-31,11241,2018,5,31,-950
Anbar,Basrah,2018-05-31,272,2018,5,31,-1
Anbar,Dahuk,2018-05-31,78,2018,5,31,1
Anbar,Diyala,2018-05-31,243,2018,5,31,-1
Anbar,Erbil,2018-05-31,12619,2018,5,31,-58
Anbar,Kerbala,2018-05-31,108,2018,5,31,-4
Anbar,Kirkuk,2018-05-31,917,2018,5,31,1
Anbar,Missan,2018-05-31,29,2018,5,31,0
Anbar,Muthanna,2018-05-31,31,2018,5,31,-4
Babylon,Qadissiya,2018-05-31,5,2018,5,31,0
Anbar,Najaf,2018-05-31,52,2018,5,31,0
Anbar,Qadissiya,2018-05-31,88,2018,5,31,-13
Anbar,Salah al-Din,2018-05-31,140,2018,5,31,0
Diyala,Missan,2018-05-31,16,2018,5,31,0
Anbar,Thi-Qar,2018-05-31,116,2018,5,31,0
Anbar,Wassit,2018-05-31,231,2018,5,31,-3
Babylon,Anbar,2018-05-31,546,2018,5,31,0
Babylon,Babylon,2018-05-31,2458,2018,5,31,0
Babylon,Baghdad,2018-05-31,882,2018,5,31,0
Babylon,Basrah,2018-05-31,22,2018,5,31,0
Babylon,Diyala,2018-05-31,84,2018,5,31,0
Babylon,Kerbala,2018-05-31,166,2018,5,31,0
Babylon,Kirkuk,2018-05-31,24,2018,5,31,0
Anbar,Ninewa,2018-05-31,17,2018,5,31,0
Diyala,Muthanna,2018-05-31,5,2018,5,31,-1
Kirkuk,Kerbala,2018-05-31,51,2018,5,31,0
Diyala,Qadissiya,2018-05-31,15,2018,5,31,-2
Ninewa,Muthanna,2018-05-31,133,2018,5,31,-7
Ninewa,Najaf,2018-05-31,4986,2018,5,31,-90
Ninewa,Ninewa,2018-05-31,100913,2018,5,31,-2790
Ninewa,Qadissiya,2018-05-31,1705,2018,5,31,-17
Ninewa,Salah al-Din,2018-05-31,557,2018,5,31,-26
Ninewa,Sulaymaniyah,2018-05-31,2168,2018,5,31,-4
Ninewa,Thi-Qar,2018-05-31,410,2018,5,31,-2
Ninewa,Wassit,2018-05-31,1496,2018,5,31,-9
Salah al-Din,Anbar,2018-05-31,40,2018,5,31,0
Salah al-Din,Babylon,2018-05-31,60,2018,5,31,-2
Salah al-Din,Baghdad,2018-05-31,1240,2018,5,31,-38
Salah al-Din,Basrah,2018-05-31,415,2018,5,31,-4
Salah al-Din,Dahuk,2018-05-31,90,2018,5,31,0
Salah al-Din,Diyala,2018-05-31,1383,2018,5,31,-608
Salah al-Din,Erbil,2018-05-31,3623,2018,5,31,-19
Salah al-Din,Kerbala,2018-05-31,20,2018,5,31,-1
Salah al-Din,Kirkuk,2018-05-31,4432,2018,5,31,-31
Salah al-Din,Missan,2018-05-31,63,2018,5,31,0
Salah al-Din,Muthanna,2018-05-31,20,2018,5,31,-1
Salah al-Din,Najaf,2018-05-31,6,2018,5,31,0
Salah al-Din,Ninewa,2018-05-31,620,2018,5,31,-101
Salah al-Din,Qadissiya,2018-05-31,26,2018,5,31,0
Salah al-Din,Sulaymaniyah,2018-05-31,7697,2018,5,31,84
Salah al-Din,Salah al-Din,2018-05-31,25197,2018,5,31,-40
Salah al-Din,Thi-Qar,2018-05-31,37,2018,5,31,0
Ninewa,Missan,2018-05-31,265,2018,5,31,-8
Ninewa,Kirkuk,2018-05-31,2846,2018,5,31,-30
Ninewa,Kerbala,2018-05-31,4109,2018,5,31,-661
Ninewa,Erbil,2018-05-31,14197,2018,5,31,-200
Diyala,Salah al-Din,2018-05-31,256,2018,5,31,0
Diyala,Sulaymaniyah,2018-05-31,4179,2018,5,31,-6
Diyala,Thi-Qar,2018-05-31,12,2018,5,31,0
Diyala,Wassit,2018-05-31,124,2018,5,31,0
Erbil,Erbil,2018-05-31,1060,2018,5,31,-60
Kirkuk,Babylon,2018-05-31,1,2018,5,31,0
Kirkuk,Baghdad,2018-05-31,107,2018,5,31,-6
Kirkuk,Basrah,2018-05-31,130,2018,5,31,0
Kirkuk,Dahuk,2018-05-31,14,2018,5,31,0
Kirkuk,Diyala,2018-05-31,77,2018,5,31,0
Kirkuk,Erbil,2018-05-31,4475,2018,5,31,-384
Kirkuk,Kirkuk,2018-05-31,13246,2018,5,31,-150
Diyala,Najaf,2018-05-31,7,2018,5,31,0
Kirkuk,Missan,2018-05-31,95,2018,5,31,-2
Kirkuk,Najaf,2018-05-31,15,2018,5,31,0
Kirkuk,Ninewa,2018-05-31,1886,2018,5,31,-114
Kirkuk,Qadissiya,2018-05-31,249,2018,5,31,0
Kirkuk,Salah al-Din,2018-05-31,4659,2018,5,31,12
Kirkuk,Sulaymaniyah,2018-05-31,2049,2018,5,31,-68
Kirkuk,Thi-Qar,2018-05-31,101,2018,5,31,0
Kirkuk,Wassit,2018-05-31,112,2018,5,31,0
Ninewa,Anbar,2018-05-31,87,2018,5,31,0
Ninewa,Babylon,2018-05-31,1495,2018,5,31,-161
Ninewa,Baghdad,2018-05-31,4050,2018,5,31,-222
Ninewa,Basrah,2018-05-31,438,2018,5,31,-4
Ninewa,Diyala,2018-05-31,113,2018,5,31,0
Kirkuk,Muthanna,2018-05-31,16,2018,5,31,0
Ninewa,Dahuk,2018-05-31,58170,2018,5,31,-22
Anbar,Thi-Qar,2018-06-15,116,2018,6,15,0
Anbar,Anbar,2018-06-15,12605,2018,6,15,-230
Ninewa,Kerbala,2018-06-15,3956,2018,6,15,-153
Ninewa,Diyala,2018-06-15,113,2018,6,15,0
Ninewa,Dahuk,2018-06-15,58151,2018,6,15,-19
Ninewa,Basrah,2018-06-15,425,2018,6,15,-13
Ninewa,Baghdad,2018-06-15,3947,2018,6,15,-103
Ninewa,Babylon,2018-06-15,1404,2018,6,15,-91
Ninewa,Anbar,2018-06-15,87,2018,6,15,0
Kirkuk,Wassit,2018-06-15,146,2018,6,15,34
Kirkuk,Thi-Qar,2018-06-15,101,2018,6,15,0
Kirkuk,Sulaymaniyah,2018-06-15,2093,2018,6,15,44
Kirkuk,Salah al-Din,2018-06-15,4379,2018,6,15,-280
Anbar,Salah al-Din,2018-06-15,140,2018,6,15,0
Kirkuk,Qadissiya,2018-06-15,249,2018,6,15,0
Kirkuk,Ninewa,2018-06-15,1886,2018,6,15,0
Kirkuk,Najaf,2018-06-15,15,2018,6,15,0
Kirkuk,Muthanna,2018-06-15,16,2018,6,15,0
Kirkuk,Missan,2018-06-15,95,2018,6,15,0
Kirkuk,Kirkuk,2018-06-15,12804,2018,6,15,-442
Kirkuk,Kerbala,2018-06-15,51,2018,6,15,0
Kirkuk,Erbil,2018-06-15,4465,2018,6,15,-10
Kirkuk,Diyala,2018-06-15,77,2018,6,15,0
Kirkuk,Dahuk,2018-06-15,14,2018,6,15,0
Kirkuk,Basrah,2018-06-15,130,2018,6,15,0
Kirkuk,Baghdad,2018-06-15,105,2018,6,15,-2
Kirkuk,Babylon,2018-06-15,1,2018,6,15,0
Ninewa,Kirkuk,2018-06-15,2834,2018,6,15,-12
Erbil,Erbil,2018-06-15,1056,2018,6,15,-4
Ninewa,Missan,2018-06-15,264,2018,6,15,-1
Ninewa,Najaf,2018-06-15,4906,2018,6,15,-80
Salah al-Din,Qadissiya,2018-06-15,26,2018,6,15,0
Salah al-Din,Salah al-Din,2018-06-15,24591,2018,6,15,-606
Salah al-Din,Sulaymaniyah,2018-06-15,7444,2018,6,15,-253
Salah al-Din,Thi-Qar,2018-06-15,37,2018,6,15,0
Anbar,Sulaymaniyah,2018-06-15,4668,2018,6,15,-36
Salah al-Din,Wassit,2018-06-15,182,2018,6,15,0
Salah al-Din,Ninewa,2018-06-15,620,2018,6,15,0
Salah al-Din,Najaf,2018-06-15,6,2018,6,15,0
Salah al-Din,Muthanna,2018-06-15,20,2018,6,15,0
Salah al-Din,Missan,2018-06-15,63,2018,6,15,0
Salah al-Din,Kirkuk,2018-06-15,4416,2018,6,15,-16
Salah al-Din,Kerbala,2018-06-15,20,2018,6,15,0
Salah al-Din,Erbil,2018-06-15,3604,2018,6,15,-19
Salah al-Din,Diyala,2018-06-15,1359,2018,6,15,-24
Salah al-Din,Dahuk,2018-06-15,90,2018,6,15,0
Salah al-Din,Basrah,2018-06-15,413,2018,6,15,-2
Salah al-Din,Baghdad,2018-06-15,1232,2018,6,15,-8
Salah al-Din,Babylon,2018-06-15,56,2018,6,15,-4
Salah al-Din,Anbar,2018-06-15,40,2018,6,15,0
Ninewa,Wassit,2018-06-15,1470,2018,6,15,-26
Ninewa,Thi-Qar,2018-06-15,409,2018,6,15,-1
Ninewa,Sulaymaniyah,2018-06-15,2184,2018,6,15,16
Ninewa,Salah al-Din,2018-06-15,524,2018,6,15,-33
Ninewa,Qadissiya,2018-06-15,1679,2018,6,15,-26
Ninewa,Ninewa,2018-06-15,100522,2018,6,15,-391
Ninewa,Muthanna,2018-06-15,129,2018,6,15,-4
Diyala,Wassit,2018-06-15,104,2018,6,15,-20
Ninewa,Erbil,2018-06-15,14074,2018,6,15,-123
Diyala,Sulaymaniyah,2018-06-15,4228,2018,6,15,49
Babylon,Thi-Qar,2018-06-15,5,2018,6,15,0
Babylon,Sulaymaniyah,2018-06-15,1600,2018,6,15,5
Babylon,Qadissiya,2018-06-15,3,2018,6,15,-2
Babylon,Missan,2018-06-15,6,2018,6,15,0
Babylon,Kirkuk,2018-06-15,24,2018,6,15,0
Babylon,Kerbala,2018-06-15,166,2018,6,15,0
Babylon,Diyala,2018-06-15,84,2018,6,15,0
Babylon,Basrah,2018-06-15,22,2018,6,15,0
Babylon,Baghdad,2018-06-15,882,2018,6,15,0
Babylon,Babylon,2018-06-15,2444,2018,6,15,-14
Babylon,Anbar,2018-06-15,546,2018,6,15,0
Anbar,Wassit,2018-06-15,186,2018,6,15,-45
Anbar,Qadissiya,2018-06-15,82,2018,6,15,-6
Anbar,Ninewa,2018-06-15,17,2018,6,15,0
Anbar,Najaf,2018-06-15,44,2018,6,15,-8
Anbar,Muthanna,2018-06-15,31,2018,6,15,0
Anbar,Missan,2018-06-15,29,2018,6,15,0
Anbar,Kirkuk,2018-06-15,896,2018,6,15,-21
Anbar,Kerbala,2018-06-15,108,2018,6,15,0
Anbar,Erbil,2018-06-15,12464,2018,6,15,-155
Anbar,Diyala,2018-06-15,241,2018,6,15,-2
Anbar,Dahuk,2018-06-15,78,2018,6,15,0
Anbar,Basrah,2018-06-15,274,2018,6,15,2
Diyala,Thi-Qar,2018-06-15,12,2018,6,15,0
Anbar,Babylon,2018-06-15,187,2018,6,15,-15
Babylon,Wassit,2018-06-15,20,2018,6,15,0
Baghdad,Anbar,2018-06-15,24,2018,6,15,0
Anbar,Baghdad,2018-06-15,10885,2018,6,15,-356
Baghdad,Baghdad,2018-06-15,84,2018,6,15,0
Baghdad,Babylon,2018-06-15,65,2018,6,15,-1
Diyala,Qadissiya,2018-06-15,15,2018,6,15,0
Diyala,Najaf,2018-06-15,7,2018,6,15,0
Diyala,Muthanna,2018-06-15,5,2018,6,15,0
Diyala,Missan,2018-06-15,16,2018,6,15,0
Diyala,Kirkuk,2018-06-15,689,2018,6,15,8
Diyala,Kerbala,2018-06-15,24,2018,6,15,0
Diyala,Erbil,2018-06-15,256,2018,6,15,-4
Diyala,Diyala,2018-06-15,8735,2018,6,15,-28
Diyala,Basrah,2018-06-15,37,2018,6,15,1
Diyala,Baghdad,2018-06-15,364,2018,6,15,-4
Diyala,Babylon,2018-06-15,15,2018,6,15,-2
Baghdad,Wassit,2018-06-15,29,2018,6,15,0
Diyala,Salah al-Din,2018-06-15,256,2018,6,15,0
Baghdad,Sulaymaniyah,2018-06-15,3314,2018,6,15,36
Baghdad,Qadissiya,2018-06-15,59,2018,6,15,0
Baghdad,Ninewa,2018-06-15,2,2018,6,15,0
Baghdad,Muthanna,2018-06-15,22,2018,6,15,-2
Baghdad,Missan,2018-06-15,27,2018,6,15,0
Baghdad,Kirkuk,2018-06-15,138,2018,6,15,-11
Baghdad,Kerbala,2018-06-15,25,2018,6,15,0
Baghdad,Erbil,2018-06-15,860,2018,6,15,-29
Baghdad,Diyala,2018-06-15,116,2018,6,15,0
Baghdad,Dahuk,2018-06-15,20,2018,6,15,0
Baghdad,Basrah,2018-06-15,28,2018,6,15,0
Baghdad,Thi-Qar,2018-06-15,2,2018,6,15,0
Kirkuk,Thi-Qar,2018-06-30,101,2018,6,30,0
Kirkuk,Wassit,2018-06-30,136,2018,6,30,-10
Ninewa,Anbar,2018-06-30,87,2018,6,30,0
Ninewa,Babylon,2018-06-30,1268,2018,6,30,-136
Ninewa,Erbil,2018-06-30,14080,2018,6,30,6
Ninewa,Basrah,2018-06-30,422,2018,6,30,-3
Ninewa,Dahuk,2018-06-30,58177,2018,6,30,26
Ninewa,Diyala,2018-06-30,113,2018,6,30,0
Ninewa,Kerbala,2018-06-30,3881,2018,6,30,-75
Ninewa,Baghdad,2018-06-30,3752,2018,6,30,-195
Kirkuk,Sulaymaniyah,2018-06-30,1935,2018,6,30,-158
Kirkuk,Missan,2018-06-30,95,2018,6,30,0
Kirkuk,Qadissiya,2018-06-30,249,2018,6,30,0
Kirkuk,Ninewa,2018-06-30,1861,2018,6,30,-25
Kirkuk,Najaf,2018-06-30,15,2018,6,30,0
Kirkuk,Muthanna,2018-06-30,16,2018,6,30,0
Kirkuk,Kirkuk,2018-06-30,12769,2018,6,30,-35
Kirkuk,Kerbala,2018-06-30,51,2018,6,30,0
Kirkuk,Erbil,2018-06-30,4247,2018,6,30,-218
Kirkuk,Diyala,2018-06-30,77,2018,6,30,0
Kirkuk,Dahuk,2018-06-30,14,2018,6,30,0
Kirkuk,Basrah,2018-06-30,130,2018,6,30,0
Ninewa,Kirkuk,2018-06-30,2827,2018,6,30,-7
Kirkuk,Baghdad,2018-06-30,104,2018,6,30,-1
Kirkuk,Salah al-Din,2018-06-30,4379,2018,6,30,0
Ninewa,Missan,2018-06-30,260,2018,6,30,-4
Salah al-Din,Dahuk,2018-06-30,90,2018,6,30,0
Ninewa,Najaf,2018-06-30,4764,2018,6,30,-142
Kirkuk,Babylon,2018-06-30,1,2018,6,30,0
Salah al-Din,Wassit,2018-06-30,172,2018,6,30,-10
Salah al-Din,Thi-Qar,2018-06-30,37,2018,6,30,0
Salah al-Din,Sulaymaniyah,2018-06-30,7194,2018,6,30,-250
Salah al-Din,Salah al-Din,2018-06-30,24256,2018,6,30,-335
Salah al-Din,Qadissiya,2018-06-30,26,2018,6,30,0
Salah al-Din,Ninewa,2018-06-30,556,2018,6,30,-64
Salah al-Din,Najaf,2018-06-30,6,2018,6,30,0
Salah al-Din,Muthanna,2018-06-30,16,2018,6,30,-4
Salah al-Din,Missan,2018-06-30,61,2018,6,30,-2
Salah al-Din,Kirkuk,2018-06-30,4410,2018,6,30,-6
Ninewa,Muthanna,2018-06-30,127,2018,6,30,-2
Salah al-Din,Kerbala,2018-06-30,20,2018,6,30,0
Salah al-Din,Diyala,2018-06-30,1128,2018,6,30,-231
Salah al-Din,Basrah,2018-06-30,415,2018,6,30,2
Salah al-Din,Baghdad,2018-06-30,1053,2018,6,30,-179
Salah al-Din,Babylon,2018-06-30,56,2018,6,30,0
Salah al-Din,Anbar,2018-06-30,40,2018,6,30,0
Ninewa,Wassit,2018-06-30,1429,2018,6,30,-41
Ninewa,Thi-Qar,2018-06-30,409,2018,6,30,0
Ninewa,Sulaymaniyah,2018-06-30,2228,2018,6,30,44
Ninewa,Salah al-Din,2018-06-30,524,2018,6,30,0
Ninewa,Qadissiya,2018-06-30,1674,2018,6,30,-5
Ninewa,Ninewa,2018-06-30,100029,2018,6,30,-493
Salah al-Din,Erbil,2018-06-30,3621,2018,6,30,17
Erbil,Erbil,2018-06-30,1046,2018,6,30,-10
Anbar,Missan,2018-06-30,29,2018,6,30,0
Diyala,Thi-Qar,2018-06-30,12,2018,6,30,0
Diyala,Wassit,2018-06-30,104,2018,6,30,0
Babylon,Missan,2018-06-30,6,2018,6,30,0
Babylon,Kirkuk,2018-06-30,24,2018,6,30,0
Babylon,Kerbala,2018-06-30,166,2018,6,30,0
Babylon,Diyala,2018-06-30,85,2018,6,30,1
Babylon,Basrah,2018-06-30,22,2018,6,30,0
Babylon,Baghdad,2018-06-30,882,2018,6,30,0
Babylon,Babylon,2018-06-30,2444,2018,6,30,0
Babylon,Anbar,2018-06-30,546,2018,6,30,0
Anbar,Wassit,2018-06-30,174,2018,6,30,-12
Anbar,Thi-Qar,2018-06-30,116,2018,6,30,0
Anbar,Sulaymaniyah,2018-06-30,4669,2018,6,30,1
Babylon,Thi-Qar,2018-06-30,5,2018,6,30,0
Anbar,Salah al-Din,2018-06-30,140,2018,6,30,0
Anbar,Ninewa,2018-06-30,17,2018,6,30,0
Anbar,Najaf,2018-06-30,44,2018,6,30,0
Anbar,Muthanna,2018-06-30,31,2018,6,30,0
Anbar,Kirkuk,2018-06-30,887,2018,6,30,-9
Anbar,Kerbala,2018-06-30,105,2018,6,30,-3
Anbar,Erbil,2018-06-30,12468,2018,6,30,4
Anbar,Diyala,2018-06-30,224,2018,6,30,-17
Anbar,Dahuk,2018-06-30,77,2018,6,30,-1
Anbar,Basrah,2018-06-30,278,2018,6,30,4
Anbar,Baghdad,2018-06-30,10243,2018,6,30,-642
Anbar,Babylon,2018-06-30,186,2018,6,30,-1
Anbar,Anbar,2018-06-30,12169,2018,6,30,-436
Anbar,Qadissiya,2018-06-30,69,2018,6,30,-13
Babylon,Wassit,2018-06-30,20,2018,6,30,0
Babylon,Sulaymaniyah,2018-06-30,1602,2018,6,30,2
Baghdad,Babylon,2018-06-30,63,2018,6,30,-2
Diyala,Sulaymaniyah,2018-06-30,4233,2018,6,30,5
Diyala,Salah al-Din,2018-06-30,256,2018,6,30,0
Diyala,Qadissiya,2018-06-30,15,2018,6,30,0
Diyala,Najaf,2018-06-30,7,2018,6,30,0
Diyala,Muthanna,2018-06-30,5,2018,6,30,0
Diyala,Missan,2018-06-30,16,2018,6,30,0
Diyala,Kirkuk,2018-06-30,694,2018,6,30,5
Diyala,Kerbala,2018-06-30,24,2018,6,30,0
Diyala,Erbil,2018-06-30,256,2018,6,30,0
Diyala,Diyala,2018-06-30,8822,2018,6,30,87
Baghdad,Anbar,2018-06-30,24,2018,6,30,0
Diyala,Baghdad,2018-06-30,347,2018,6,30,-17
Diyala,Babylon,2018-06-30,15,2018,6,30,0
Diyala,Basrah,2018-06-30,38,2018,6,30,1
Baghdad,Thi-Qar,2018-06-30,2,2018,6,30,0
Baghdad,Baghdad,2018-06-30,84,2018,6,30,0
Baghdad,Basrah,2018-06-30,29,2018,6,30,1
Baghdad,Dahuk,2018-06-30,20,2018,6,30,0
Baghdad,Wassit,2018-06-30,29,2018,6,30,0
Baghdad,Erbil,2018-06-30,860,2018,6,30,0
Baghdad,Kerbala,2018-06-30,25,2018,6,30,0
Baghdad,Diyala,2018-06-30,116,2018,6,30,0
Baghdad,Missan,2018-06-30,27,2018,6,30,0
Baghdad,Muthanna,2018-06-30,22,2018,6,30,0
Baghdad,Ninewa,2018-06-30,2,2018,6,30,0
Baghdad,Qadissiya,2018-06-30,52,2018,6,30,-7
Baghdad,Sulaymaniyah,2018-06-30,3332,2018,6,30,18
Baghdad,Kirkuk,2018-06-30,138,2018,6,30,0
Anbar,Diyala,2018-07-15,224,2018,7,15,0
Anbar,Anbar,2018-07-15,11900,2018,7,15,-269
Anbar,Babylon,2018-07-15,171,2018,7,15,-15
Anbar,Baghdad,2018-07-15,9957,2018,7,15,-286
Anbar,Basrah,2018-07-15,272,2018,7,15,-6
Anbar,Dahuk,2018-07-15,80,2018,7,15,3
Anbar,Erbil,2018-07-15,12393,2018,7,15,-75
Anbar,Sulaymaniyah,2018-07-15,4654,2018,7,15,-15
Anbar,Kirkuk,2018-07-15,882,2018,7,15,-5
Ninewa,Missan,2018-07-15,256,2018,7,15,-4
Ninewa,Kirkuk,2018-07-15,2785,2018,7,15,-42
Ninewa,Kerbala,2018-07-15,3525,2018,7,15,-356
Ninewa,Erbil,2018-07-15,14222,2018,7,15,142
Ninewa,Diyala,2018-07-15,113,2018,7,15,0
Ninewa,Dahuk,2018-07-15,58116,2018,7,15,-61
Ninewa,Basrah,2018-07-15,421,2018,7,15,-1
Ninewa,Baghdad,2018-07-15,3604,2018,7,15,-148
Ninewa,Babylon,2018-07-15,1201,2018,7,15,-67
Ninewa,Anbar,2018-07-15,87,2018,7,15,0
Kirkuk,Wassit,2018-07-15,136,2018,7,15,0
Kirkuk,Thi-Qar,2018-07-15,101,2018,7,15,0
Kirkuk,Sulaymaniyah,2018-07-15,1916,2018,7,15,-19
Kirkuk,Salah al-Din,2018-07-15,4244,2018,7,15,-135
Kirkuk,Qadissiya,2018-07-15,249,2018,7,15,0
Kirkuk,Ninewa,2018-07-15,1861,2018,7,15,0
Kirkuk,Najaf,2018-07-15,15,2018,7,15,0
Kirkuk,Muthanna,2018-07-15,16,2018,7,15,0
Kirkuk,Missan,2018-07-15,95,2018,7,15,0
Kirkuk,Kirkuk,2018-07-15,12274,2018,7,15,-495
Kirkuk,Kerbala,2018-07-15,51,2018,7,15,0
Kirkuk,Erbil,2018-07-15,4243,2018,7,15,-4
Kirkuk,Diyala,2018-07-15,77,2018,7,15,0
Ninewa,Muthanna,2018-07-15,125,2018,7,15,-2
Kirkuk,Dahuk,2018-07-15,14,2018,7,15,0
Ninewa,Najaf,2018-07-15,3938,2018,7,15,-826
Ninewa,Qadissiya,2018-07-15,1658,2018,7,15,-16
Anbar,Kerbala,2018-07-15,105,2018,7,15,0
Salah al-Din,Wassit,2018-07-15,172,2018,7,15,0
Salah al-Din,Thi-Qar,2018-07-15,37,2018,7,15,0
Salah al-Din,Sulaymaniyah,2018-07-15,7227,2018,7,15,33
Salah al-Din,Salah al-Din,2018-07-15,23758,2018,7,15,-498
Salah al-Din,Qadissiya,2018-07-15,26,2018,7,15,0
Salah al-Din,Ninewa,2018-07-15,556,2018,7,15,0
Salah al-Din,Najaf,2018-07-15,6,2018,7,15,0
Salah al-Din,Muthanna,2018-07-15,16,2018,7,15,0
Salah al-Din,Missan,2018-07-15,61,2018,7,15,0
Salah al-Din,Kirkuk,2018-07-15,4381,2018,7,15,-29
Salah al-Din,Kerbala,2018-07-15,20,2018,7,15,0
Salah al-Din,Erbil,2018-07-15,3586,2018,7,15,-35
Salah al-Din,Diyala,2018-07-15,1128,2018,7,15,0
Salah al-Din,Dahuk,2018-07-15,90,2018,7,15,0
Salah al-Din,Basrah,2018-07-15,420,2018,7,15,5
Salah al-Din,Baghdad,2018-07-15,1026,2018,7,15,-27
Salah al-Din,Babylon,2018-07-15,53,2018,7,15,-3
Salah al-Din,Anbar,2018-07-15,40,2018,7,15,0
Ninewa,Wassit,2018-07-15,1396,2018,7,15,-33
Ninewa,Thi-Qar,2018-07-15,408,2018,7,15,-1
Ninewa,Sulaymaniyah,2018-07-15,2227,2018,7,15,-1
Ninewa,Salah al-Din,2018-07-15,524,2018,7,15,0
Ninewa,Ninewa,2018-07-15,99762,2018,7,15,-267
Kirkuk,Basrah,2018-07-15,130,2018,7,15,0
Diyala,Qadissiya,2018-07-15,15,2018,7,15,0
Kirkuk,Babylon,2018-07-15,2,2018,7,15,1
Baghdad,Basrah,2018-07-15,29,2018,7,15,0
Baghdad,Baghdad,2018-07-15,90,2018,7,15,6
Baghdad,Babylon,2018-07-15,57,2018,7,15,-6
Baghdad,Anbar,2018-07-15,24,2018,7,15,0
Babylon,Wassit,2018-07-15,20,2018,7,15,0
Babylon,Thi-Qar,2018-07-15,5,2018,7,15,0
Babylon,Sulaymaniyah,2018-07-15,1601,2018,7,15,-1
Babylon,Missan,2018-07-15,6,2018,7,15,0
Babylon,Kirkuk,2018-07-15,20,2018,7,15,-4
Babylon,Kerbala,2018-07-15,166,2018,7,15,0
Babylon,Basrah,2018-07-15,22,2018,7,15,0
Babylon,Baghdad,2018-07-15,880,2018,7,15,-2
Babylon,Babylon,2018-07-15,2454,2018,7,15,10
Babylon,Anbar,2018-07-15,546,2018,7,15,0
Anbar,Wassit,2018-07-15,165,2018,7,15,-9
Anbar,Thi-Qar,2018-07-15,116,2018,7,15,0
Anbar,Salah al-Din,2018-07-15,140,2018,7,15,0
Anbar,Qadissiya,2018-07-15,67,2018,7,15,-2
Anbar,Ninewa,2018-07-15,17,2018,7,15,0
Anbar,Najaf,2018-07-15,45,2018,7,15,1
Anbar,Muthanna,2018-07-15,31,2018,7,15,0
Anbar,Missan,2018-07-15,29,2018,7,15,0
Kirkuk,Baghdad,2018-07-15,103,2018,7,15,-1
Baghdad,Dahuk,2018-07-15,20,2018,7,15,0
Baghdad,Diyala,2018-07-15,116,2018,7,15,0
Babylon,Diyala,2018-07-15,85,2018,7,15,0
Baghdad,Kerbala,2018-07-15,25,2018,7,15,0
Diyala,Wassit,2018-07-15,104,2018,7,15,0
Baghdad,Erbil,2018-07-15,892,2018,7,15,32
Erbil,Erbil,2018-07-15,1036,2018,7,15,-10
Diyala,Thi-Qar,2018-07-15,12,2018,7,15,0
Diyala,Sulaymaniyah,2018-07-15,4238,2018,7,15,5
Diyala,Salah al-Din,2018-07-15,256,2018,7,15,0
Diyala,Najaf,2018-07-15,7,2018,7,15,0
Diyala,Muthanna,2018-07-15,5,2018,7,15,0
Diyala,Kirkuk,2018-07-15,692,2018,7,15,-2
Diyala,Kerbala,2018-07-15,24,2018,7,15,0
Diyala,Erbil,2018-07-15,256,2018,7,15,0
Diyala,Diyala,2018-07-15,8787,2018,7,15,-35
Diyala,Missan,2018-07-15,16,2018,7,15,0
Diyala,Baghdad,2018-07-15,343,2018,7,15,-4
Diyala,Babylon,2018-07-15,15,2018,7,15,0
Baghdad,Wassit,2018-07-15,29,2018,7,15,0
Baghdad,Thi-Qar,2018-07-15,2,2018,7,15,0
Baghdad,Sulaymaniyah,2018-07-15,3346,2018,7,15,14
Baghdad,Qadissiya,2018-07-15,50,2018,7,15,-2
Baghdad,Ninewa,2018-07-15,2,2018,7,15,0
Baghdad,Muthanna,2018-07-15,22,2018,7,15,0
Diyala,Basrah,2018-07-15,39,2018,7,15,1
Baghdad,Missan,2018-07-15,27,2018,7,15,0
Baghdad,Kirkuk,2018-07-15,138,2018,7,15,0
Ninewa,Dahuk,2018-07-31,58092,2018,7,31,-24
Kirkuk,Salah al-Din,2018-07-31,3937,2018,7,31,-307
Kirkuk,Sulaymaniyah,2018-07-31,1917,2018,7,31,1
Kirkuk,Thi-Qar,2018-07-31,101,2018,7,31,0
Kirkuk,Wassit,2018-07-31,136,2018,7,31,0
Ninewa,Basrah,2018-07-31,431,2018,7,31,10
Ninewa,Babylon,2018-07-31,1064,2018,7,31,-137
Ninewa,Baghdad,2018-07-31,3454,2018,7,31,-150
Kirkuk,Qadissiya,2018-07-31,249,2018,7,31,0
Ninewa,Anbar,2018-07-31,87,2018,7,31,0
Kirkuk,Ninewa,2018-07-31,1861,2018,7,31,0
Kirkuk,Babylon,2018-07-31,2,2018,7,31,0
Kirkuk,Muthanna,2018-07-31,16,2018,7,31,0
Kirkuk,Missan,2018-07-31,96,2018,7,31,1
Kirkuk,Kirkuk,2018-07-31,12037,2018,7,31,-237
Kirkuk,Kerbala,2018-07-31,51,2018,7,31,0
Kirkuk,Erbil,2018-07-31,3758,2018,7,31,-485
Kirkuk,Diyala,2018-07-31,27,2018,7,31,-50
Kirkuk,Dahuk,2018-07-31,14,2018,7,31,0
Kirkuk,Basrah,2018-07-31,128,2018,7,31,-2
Kirkuk,Baghdad,2018-07-31,103,2018,7,31,0
Erbil,Erbil,2018-07-31,1036,2018,7,31,0
Diyala,Wassit,2018-07-31,104,2018,7,31,0
Ninewa,Diyala,2018-07-31,113,2018,7,31,0
Kirkuk,Najaf,2018-07-31,15,2018,7,31,0
Ninewa,Erbil,2018-07-31,14300,2018,7,31,78
Salah al-Din,Ninewa,2018-07-31,541,2018,7,31,-15
Ninewa,Kirkuk,2018-07-31,2728,2018,7,31,-57
Salah al-Din,Sulaymaniyah,2018-07-31,7237,2018,7,31,10
Salah al-Din,Salah al-Din,2018-07-31,23425,2018,7,31,-333
Salah al-Din,Qadissiya,2018-07-31,26,2018,7,31,0
Diyala,Thi-Qar,2018-07-31,12,2018,7,31,0
Salah al-Din,Najaf,2018-07-31,6,2018,7,31,0
Salah al-Din,Muthanna,2018-07-31,16,2018,7,31,0
Salah al-Din,Missan,2018-07-31,58,2018,7,31,-3
Salah al-Din,Kirkuk,2018-07-31,4297,2018,7,31,-84
Salah al-Din,Kerbala,2018-07-31,20,2018,7,31,0
Salah al-Din,Erbil,2018-07-31,3594,2018,7,31,8
Salah al-Din,Diyala,2018-07-31,1022,2018,7,31,-106
Salah al-Din,Dahuk,2018-07-31,90,2018,7,31,0
Salah al-Din,Basrah,2018-07-31,421,2018,7,31,1
Salah al-Din,Baghdad,2018-07-31,945,2018,7,31,-81
Salah al-Din,Babylon,2018-07-31,53,2018,7,31,0
Salah al-Din,Anbar,2018-07-31,40,2018,7,31,0
Ninewa,Wassit,2018-07-31,1386,2018,7,31,-10
Ninewa,Thi-Qar,2018-07-31,408,2018,7,31,0
Ninewa,Sulaymaniyah,2018-07-31,2238,2018,7,31,11
Ninewa,Salah al-Din,2018-07-31,495,2018,7,31,-29
Ninewa,Qadissiya,2018-07-31,1642,2018,7,31,-16
Ninewa,Ninewa,2018-07-31,97996,2018,7,31,-1766
Ninewa,Najaf,2018-07-31,3827,2018,7,31,-111
Ninewa,Muthanna,2018-07-31,123,2018,7,31,-2
Ninewa,Missan,2018-07-31,242,2018,7,31,-14
Ninewa,Kerbala,2018-07-31,3492,2018,7,31,-33
Diyala,Sulaymaniyah,2018-07-31,4335,2018,7,31,97
Baghdad,Babylon,2018-07-31,57,2018,7,31,0
Diyala,Qadissiya,2018-07-31,15,2018,7,31,0
Babylon,Kirkuk,2018-07-31,20,2018,7,31,0
Babylon,Kerbala,2018-07-31,165,2018,7,31,-1
Babylon,Diyala,2018-07-31,88,2018,7,31,3
Babylon,Basrah,2018-07-31,22,2018,7,31,0
Babylon,Baghdad,2018-07-31,864,2018,7,31,-16
Babylon,Babylon,2018-07-31,2454,2018,7,31,0
Babylon,Anbar,2018-07-31,546,2018,7,31,0
Anbar,Wassit,2018-07-31,160,2018,7,31,-5
Anbar,Thi-Qar,2018-07-31,116,2018,7,31,0
Anbar,Sulaymaniyah,2018-07-31,4514,2018,7,31,-140
Anbar,Salah al-Din,2018-07-31,140,2018,7,31,0
Babylon,Missan,2018-07-31,6,2018,7,31,0
Anbar,Qadissiya,2018-07-31,56,2018,7,31,-11
Anbar,Najaf,2018-07-31,45,2018,7,31,0
Anbar,Muthanna,2018-07-31,30,2018,7,31,-1
Anbar,Missan,2018-07-31,28,2018,7,31,-1
Anbar,Kirkuk,2018-07-31,869,2018,7,31,-13
Anbar,Kerbala,2018-07-31,103,2018,7,31,-2
Anbar,Erbil,2018-07-31,12430,2018,7,31,37
Anbar,Diyala,2018-07-31,223,2018,7,31,-1
Anbar,Basrah,2018-07-31,274,2018,7,31,2
Anbar,Baghdad,2018-07-31,9323,2018,7,31,-634
Anbar,Babylon,2018-07-31,165,2018,7,31,-6
Anbar,Anbar,2018-07-31,11800,2018,7,31,-100
Anbar,Ninewa,2018-07-31,17,2018,7,31,0
Babylon,Muthanna,2018-07-31,1,2018,7,31,0
Babylon,Sulaymaniyah,2018-07-31,1641,2018,7,31,40
Babylon,Thi-Qar,2018-07-31,5,2018,7,31,0
Diyala,Najaf,2018-07-31,7,2018,7,31,0
Diyala,Muthanna,2018-07-31,5,2018,7,31,0
Diyala,Missan,2018-07-31,16,2018,7,31,0
Diyala,Kirkuk,2018-07-31,689,2018,7,31,-3
Diyala,Kerbala,2018-07-31,24,2018,7,31,0
Diyala,Erbil,2018-07-31,246,2018,7,31,-10
Diyala,Diyala,2018-07-31,8819,2018,7,31,32
Diyala,Basrah,2018-07-31,38,2018,7,31,-1
Diyala,Baghdad,2018-07-31,338,2018,7,31,-5
Diyala,Babylon,2018-07-31,8,2018,7,31,-7
Baghdad,Wassit,2018-07-31,29,2018,7,31,0
Baghdad,Thi-Qar,2018-07-31,2,2018,7,31,0
Baghdad,Sulaymaniyah,2018-07-31,3401,2018,7,31,55
Baghdad,Qadissiya,2018-07-31,50,2018,7,31,0
Baghdad,Muthanna,2018-07-31,21,2018,7,31,-1
Baghdad,Missan,2018-07-31,26,2018,7,31,-1
Baghdad,Kirkuk,2018-07-31,138,2018,7,31,0
Baghdad,Kerbala,2018-07-31,25,2018,7,31,0
Baghdad,Erbil,2018-07-31,887,2018,7,31,-5
Baghdad,Diyala,2018-07-31,116,2018,7,31,0
Baghdad,Dahuk,2018-07-31,20,2018,7,31,0
Baghdad,Basrah,2018-07-31,33,2018,7,31,4
Baghdad,Baghdad,2018-07-31,115,2018,7,31,25
Baghdad,Anbar,2018-07-31,24,2018,7,31,0
Babylon,Wassit,2018-07-31,20,2018,7,31,0
Diyala,Salah al-Din,2018-07-31,256,2018,7,31,0
Anbar,Dahuk,2018-07-31,81,2018,7,31,1
Salah al-Din,Wassit,2018-07-31,172,2018,7,31,0
Salah al-Din,Thi-Qar,2018-07-31,37,2018,7,31,0
Ninewa,Dahuk,2018-08-15,58098,2018,8,15,6
Ninewa,Basrah,2018-08-15,436,2018,8,15,5
Ninewa,Baghdad,2018-08-15,3284,2018,8,15,-170
Ninewa,Babylon,2018-08-15,833,2018,8,15,-231
Ninewa,Anbar,2018-08-15,87,2018,8,15,0
Kirkuk,Wassit,2018-08-15,136,2018,8,15,0
Kirkuk,Thi-Qar,2018-08-15,101,2018,8,15,0
Kirkuk,Sulaymaniyah,2018-08-15,1866,2018,8,15,-51
Kirkuk,Salah al-Din,2018-08-15,3695,2018,8,15,-242
Kirkuk,Qadissiya,2018-08-15,249,2018,8,15,0
Kirkuk,Ninewa,2018-08-15,1861,2018,8,15,0
Ninewa,Diyala,2018-08-15,113,2018,8,15,0
Kirkuk,Najaf,2018-08-15,15,2018,8,15,0
Kirkuk,Missan,2018-08-15,96,2018,8,15,0
Kirkuk,Kirkuk,2018-08-15,11815,2018,8,15,-222
Kirkuk,Kerbala,2018-08-15,51,2018,8,15,0
Kirkuk,Erbil,2018-08-15,3775,2018,8,15,17
Kirkuk,Diyala,2018-08-15,27,2018,8,15,0
Kirkuk,Dahuk,2018-08-15,13,2018,8,15,-1
Kirkuk,Basrah,2018-08-15,126,2018,8,15,-2
Kirkuk,Baghdad,2018-08-15,109,2018,8,15,6
Kirkuk,Babylon,2018-08-15,2,2018,8,15,0
Erbil,Erbil,2018-08-15,1050,2018,8,15,14
Diyala,Wassit,2018-08-15,104,2018,8,15,0
Kirkuk,Muthanna,2018-08-15,16,2018,8,15,0
Ninewa,Erbil,2018-08-15,14861,2018,8,15,561
Ninewa,Kerbala,2018-08-15,3474,2018,8,15,-18
Ninewa,Kirkuk,2018-08-15,2691,2018,8,15,-37
Salah al-Din,Sulaymaniyah,2018-08-15,7208,2018,8,15,-29
Salah al-Din,Salah al-Din,2018-08-15,22888,2018,8,15,-537
Salah al-Din,Qadissiya,2018-08-15,26,2018,8,15,0
Salah al-Din,Ninewa,2018-08-15,541,2018,8,15,0
Salah al-Din,Najaf,2018-08-15,6,2018,8,15,0
Salah al-Din,Muthanna,2018-08-15,16,2018,8,15,0
Salah al-Din,Missan,2018-08-15,58,2018,8,15,0
Salah al-Din,Kirkuk,2018-08-15,4185,2018,8,15,-112
Salah al-Din,Kerbala,2018-08-15,20,2018,8,15,0
Salah al-Din,Erbil,2018-08-15,3437,2018,8,15,-157
Salah al-Din,Diyala,2018-08-15,1017,2018,8,15,-5
Salah al-Din,Dahuk,2018-08-15,89,2018,8,15,-1
Salah al-Din,Basrah,2018-08-15,418,2018,8,15,-3
Salah al-Din,Baghdad,2018-08-15,922,2018,8,15,-23
Salah al-Din,Babylon,2018-08-15,52,2018,8,15,-1
Salah al-Din,Anbar,2018-08-15,40,2018,8,15,0
Ninewa,Wassit,2018-08-15,1402,2018,8,15,16
Ninewa,Thi-Qar,2018-08-15,407,2018,8,15,-1
Ninewa,Sulaymaniyah,2018-08-15,2293,2018,8,15,55
Ninewa,Salah al-Din,2018-08-15,474,2018,8,15,-21
Ninewa,Qadissiya,2018-08-15,1630,2018,8,15,-12
Ninewa,Ninewa,2018-08-15,97923,2018,8,15,-73
Ninewa,Najaf,2018-08-15,2850,2018,8,15,-977
Ninewa,Muthanna,2018-08-15,123,2018,8,15,0
Ninewa,Missan,2018-08-15,239,2018,8,15,-3
Diyala,Thi-Qar,2018-08-15,12,2018,8,15,0
Diyala,Sulaymaniyah,2018-08-15,4293,2018,8,15,-42
Salah al-Din,Wassit,2018-08-15,172,2018,8,15,0
Diyala,Qadissiya,2018-08-15,15,2018,8,15,0
Babylon,Missan,2018-08-15,6,2018,8,15,0
Babylon,Kirkuk,2018-08-15,19,2018,8,15,-1
Babylon,Kerbala,2018-08-15,161,2018,8,15,-4
Babylon,Diyala,2018-08-15,89,2018,8,15,1
Babylon,Basrah,2018-08-15,22,2018,8,15,0
Babylon,Baghdad,2018-08-15,864,2018,8,15,0
Babylon,Babylon,2018-08-15,2452,2018,8,15,-2
Babylon,Anbar,2018-08-15,539,2018,8,15,-7
Anbar,Wassit,2018-08-15,164,2018,8,15,4
Anbar,Thi-Qar,2018-08-15,116,2018,8,15,0
Anbar,Sulaymaniyah,2018-08-15,4272,2018,8,15,-242
Anbar,Salah al-Din,2018-08-15,140,2018,8,15,0
Anbar,Qadissiya,2018-08-15,56,2018,8,15,0
Anbar,Ninewa,2018-08-15,17,2018,8,15,0
Anbar,Najaf,2018-08-15,27,2018,8,15,-18
Anbar,Muthanna,2018-08-15,28,2018,8,15,-2
Anbar,Missan,2018-08-15,28,2018,8,15,0
Anbar,Kirkuk,2018-08-15,855,2018,8,15,-14
Anbar,Kerbala,2018-08-15,100,2018,8,15,-3
Anbar,Erbil,2018-08-15,12155,2018,8,15,-275
Anbar,Diyala,2018-08-15,223,2018,8,15,0
Anbar,Dahuk,2018-08-15,78,2018,8,15,-3
Anbar,Basrah,2018-08-15,269,2018,8,15,-5
Anbar,Baghdad,2018-08-15,9066,2018,8,15,-257
Anbar,Babylon,2018-08-15,153,2018,8,15,-12
Babylon,Muthanna,2018-08-15,1,2018,8,15,0
Salah al-Din,Thi-Qar,2018-08-15,37,2018,8,15,0
Babylon,Sulaymaniyah,2018-08-15,1677,2018,8,15,36
Babylon,Wassit,2018-08-15,20,2018,8,15,0
Diyala,Najaf,2018-08-15,7,2018,8,15,0
Diyala,Muthanna,2018-08-15,5,2018,8,15,0
Diyala,Missan,2018-08-15,16,2018,8,15,0
Diyala,Kirkuk,2018-08-15,682,2018,8,15,-7
Diyala,Kerbala,2018-08-15,24,2018,8,15,0
Diyala,Erbil,2018-08-15,230,2018,8,15,-16
Diyala,Diyala,2018-08-15,8792,2018,8,15,-27
Diyala,Basrah,2018-08-15,37,2018,8,15,-1
Diyala,Baghdad,2018-08-15,338,2018,8,15,0
Diyala,Babylon,2018-08-15,12,2018,8,15,4
Baghdad,Wassit,2018-08-15,29,2018,8,15,0
Baghdad,Thi-Qar,2018-08-15,2,2018,8,15,0
Baghdad,Sulaymaniyah,2018-08-15,3422,2018,8,15,21
Baghdad,Qadissiya,2018-08-15,47,2018,8,15,-3
Baghdad,Muthanna,2018-08-15,21,2018,8,15,0
Baghdad,Missan,2018-08-15,26,2018,8,15,0
Baghdad,Kirkuk,2018-08-15,139,2018,8,15,1
Baghdad,Kerbala,2018-08-15,25,2018,8,15,0
Baghdad,Erbil,2018-08-15,799,2018,8,15,-88
Baghdad,Diyala,2018-08-15,116,2018,8,15,0
Baghdad,Dahuk,2018-08-15,20,2018,8,15,0
Baghdad,Basrah,2018-08-15,30,2018,8,15,-3
Baghdad,Baghdad,2018-08-15,117,2018,8,15,2
Baghdad,Babylon,2018-08-15,57,2018,8,15,0
Baghdad,Anbar,2018-08-15,24,2018,8,15,0
Babylon,Thi-Qar,2018-08-15,5,2018,8,15,0
Diyala,Salah al-Din,2018-08-15,251,2018,8,15,-5
Anbar,Anbar,2018-08-15,11331,2018,8,15,-469
Anbar,Anbar,2018-08-31,11254,2018,8,31,-77
Ninewa,Dahuk,2018-08-31,58096,2018,8,31,-2
Ninewa,Basrah,2018-08-31,432,2018,8,31,-4
Ninewa,Baghdad,2018-08-31,3173,2018,8,31,-111
Ninewa,Babylon,2018-08-31,710,2018,8,31,-123
Ninewa,Anbar,2018-08-31,87,2018,8,31,0
Kirkuk,Wassit,2018-08-31,136,2018,8,31,0
Kirkuk,Thi-Qar,2018-08-31,101,2018,8,31,0
Kirkuk,Sulaymaniyah,2018-08-31,1796,2018,8,31,-70
Kirkuk,Salah al-Din,2018-08-31,3659,2018,8,31,-36
Kirkuk,Qadissiya,2018-08-31,249,2018,8,31,0
Kirkuk,Ninewa,2018-08-31,1861,2018,8,31,0
Ninewa,Diyala,2018-08-31,113,2018,8,31,0
Kirkuk,Najaf,2018-08-31,15,2018,8,31,0
Kirkuk,Missan,2018-08-31,96,2018,8,31,0
Kirkuk,Kirkuk,2018-08-31,11650,2018,8,31,-165
Kirkuk,Kerbala,2018-08-31,50,2018,8,31,-1
Kirkuk,Erbil,2018-08-31,3516,2018,8,31,-259
Kirkuk,Diyala,2018-08-31,27,2018,8,31,0
Kirkuk,Dahuk,2018-08-31,13,2018,8,31,0
Kirkuk,Basrah,2018-08-31,125,2018,8,31,-1
Kirkuk,Baghdad,2018-08-31,107,2018,8,31,-2
Kirkuk,Babylon,2018-08-31,2,2018,8,31,0
Erbil,Erbil,2018-08-31,1050,2018,8,31,0
Diyala,Wassit,2018-08-31,104,2018,8,31,0
Kirkuk,Muthanna,2018-08-31,16,2018,8,31,0
Ninewa,Erbil,2018-08-31,15081,2018,8,31,220
Ninewa,Kerbala,2018-08-31,3458,2018,8,31,-16
Ninewa,Kirkuk,2018-08-31,2662,2018,8,31,-29
Salah al-Din,Sulaymaniyah,2018-08-31,7136,2018,8,31,-72
Salah al-Din,Salah al-Din,2018-08-31,22806,2018,8,31,-82
Salah al-Din,Qadissiya,2018-08-31,26,2018,8,31,0
Salah al-Din,Ninewa,2018-08-31,520,2018,8,31,-21
Salah al-Din,Najaf,2018-08-31,6,2018,8,31,0
Salah al-Din,Muthanna,2018-08-31,16,2018,8,31,0
Salah al-Din,Missan,2018-08-31,58,2018,8,31,0
Salah al-Din,Kirkuk,2018-08-31,4162,2018,8,31,-23
Salah al-Din,Kerbala,2018-08-31,19,2018,8,31,-1
Salah al-Din,Erbil,2018-08-31,3394,2018,8,31,-43
Salah al-Din,Diyala,2018-08-31,1009,2018,8,31,-8
Salah al-Din,Dahuk,2018-08-31,89,2018,8,31,0
Salah al-Din,Basrah,2018-08-31,415,2018,8,31,-3
Salah al-Din,Baghdad,2018-08-31,890,2018,8,31,-32
Salah al-Din,Babylon,2018-08-31,38,2018,8,31,-14
Salah al-Din,Anbar,2018-08-31,40,2018,8,31,0
Ninewa,Wassit,2018-08-31,1398,2018,8,31,-4
Ninewa,Thi-Qar,2018-08-31,407,2018,8,31,0
Ninewa,Sulaymaniyah,2018-08-31,2404,2018,8,31,111
Ninewa,Salah al-Din,2018-08-31,446,2018,8,31,-28
Ninewa,Qadissiya,2018-08-31,1619,2018,8,31,-11
Ninewa,Ninewa,2018-08-31,97365,2018,8,31,-558
Ninewa,Najaf,2018-08-31,2832,2018,8,31,-18
Ninewa,Muthanna,2018-08-31,123,2018,8,31,0
Ninewa,Missan,2018-08-31,236,2018,8,31,-3
Diyala,Thi-Qar,2018-08-31,12,2018,8,31,0
Diyala,Sulaymaniyah,2018-08-31,4429,2018,8,31,136
Diyala,Salah al-Din,2018-08-31,251,2018,8,31,0
Diyala,Qadissiya,2018-08-31,15,2018,8,31,0
Babylon,Missan,2018-08-31,6,2018,8,31,0
Babylon,Kirkuk,2018-08-31,19,2018,8,31,0
Babylon,Kerbala,2018-08-31,161,2018,8,31,0
Babylon,Diyala,2018-08-31,90,2018,8,31,1
Babylon,Basrah,2018-08-31,22,2018,8,31,0
Babylon,Baghdad,2018-08-31,854,2018,8,31,-10
Babylon,Babylon,2018-08-31,2457,2018,8,31,5
Babylon,Anbar,2018-08-31,539,2018,8,31,0
Anbar,Wassit,2018-08-31,163,2018,8,31,-1
Anbar,Thi-Qar,2018-08-31,116,2018,8,31,0
Anbar,Sulaymaniyah,2018-08-31,4275,2018,8,31,3
Anbar,Salah al-Din,2018-08-31,140,2018,8,31,0
Anbar,Qadissiya,2018-08-31,54,2018,8,31,-2
Anbar,Ninewa,2018-08-31,17,2018,8,31,0
Anbar,Najaf,2018-08-31,27,2018,8,31,0
Anbar,Muthanna,2018-08-31,28,2018,8,31,0
Anbar,Missan,2018-08-31,28,2018,8,31,0
Anbar,Kirkuk,2018-08-31,823,2018,8,31,-32
Anbar,Kerbala,2018-08-31,98,2018,8,31,-2
Anbar,Erbil,2018-08-31,12032,2018,8,31,-123
Anbar,Diyala,2018-08-31,221,2018,8,31,-2
Anbar,Dahuk,2018-08-31,78,2018,8,31,0
Anbar,Basrah,2018-08-31,267,2018,8,31,-2
Anbar,Baghdad,2018-08-31,8714,2018,8,31,-352
Anbar,Babylon,2018-08-31,150,2018,8,31,-3
Babylon,Muthanna,2018-08-31,1,2018,8,31,0
Salah al-Din,Wassit,2018-08-31,172,2018,8,31,0
Babylon,Sulaymaniyah,2018-08-31,1686,2018,8,31,9
Babylon,Wassit,2018-08-31,20,2018,8,31,0
Diyala,Najaf,2018-08-31,7,2018,8,31,0
Diyala,Muthanna,2018-08-31,5,2018,8,31,0
Diyala,Missan,2018-08-31,16,2018,8,31,0
Diyala,Kirkuk,2018-08-31,678,2018,8,31,-4
Diyala,Kerbala,2018-08-31,23,2018,8,31,-1
Diyala,Erbil,2018-08-31,230,2018,8,31,0
Diyala,Diyala,2018-08-31,8786,2018,8,31,-6
Diyala,Basrah,2018-08-31,37,2018,8,31,0
Diyala,Baghdad,2018-08-31,336,2018,8,31,-2
Diyala,Babylon,2018-08-31,8,2018,8,31,-4
Baghdad,Wassit,2018-08-31,29,2018,8,31,0
Baghdad,Thi-Qar,2018-08-31,2,2018,8,31,0
Baghdad,Sulaymaniyah,2018-08-31,3422,2018,8,31,0
Baghdad,Qadissiya,2018-08-31,47,2018,8,31,0
Baghdad,Muthanna,2018-08-31,21,2018,8,31,0
Baghdad,Missan,2018-08-31,26,2018,8,31,0
Baghdad,Kirkuk,2018-08-31,139,2018,8,31,0
Baghdad,Kerbala,2018-08-31,25,2018,8,31,0
Baghdad,Erbil,2018-08-31,792,2018,8,31,-7
Baghdad,Diyala,2018-08-31,116,2018,8,31,0
Baghdad,Dahuk,2018-08-31,20,2018,8,31,0
Baghdad,Basrah,2018-08-31,30,2018,8,31,0
Baghdad,Baghdad,2018-08-31,106,2018,8,31,-11
Baghdad,Babylon,2018-08-31,51,2018,8,31,-6
Baghdad,Anbar,2018-08-31,24,2018,8,31,0
Babylon,Thi-Qar,2018-08-31,5,2018,8,31,0
Salah al-Din,Thi-Qar,2018-08-31,37,2018,8,31,0
